Metabolite,Control_1,Control_2,Control_3,Control_4,Control_5,Control_6,Mild_1,Mild_2,Mild_3,Mild_4,Mild_5,Mild_6,Moderate_1,Moderate_2,Moderate_3,Moderate_4,Moderate_5,Moderate_6,Severe_1,Severe_2,Severe_3,Severe_4,Severe_5,Severe_6,QC_1,QC_2,QC_3,QC_4,QC_5,QC_6
Glyceric acid,26207.51845275255,33310.76880902179,23714.2890738046,26755.4164380468,0.0,25052.29270338056,29228.43367733012,27826.738236671303,35572.7005890774,22718.76737699471,0.0,26782.05311081635,29741.40001010194,30546.965494114607,29963.77624673241,0.0,31101.94418862494,23204.33608809465,22639.872796263284,25941.70735323865,25987.88905233241,26336.562032156016,32910.099584652045,25579.52755234151,33209.60107383374,33407.44739985558,28251.61790640336,26005.090050100047,34113.21610406544,24769.63575853039
Ethanolamine,46630.83708446507,45209.47275787259,52722.77806611133,45798.49758955951,43536.32523083942,50840.76619156684,40993.33716306005,47218.38637912242,44271.167923761575,43625.9559511831,34745.766274273614,43371.27123267321,37292.67401027977,46989.44755139768,61922.63534561642,41951.39270490924,49793.53989431441,50487.63117750342,36511.485001491485,48261.83007610465,41394.33231727301,40627.59955703755,49081.93660398215,39926.30307894159,40210.91955495261,48624.30647097292,52662.21222770224,43833.68637600342,47967.007038913536,35080.71552462296
Enol-phenylpyruvate,12079.232176736465,13114.964388409298,10807.688928950629,0.0,12794.747110919609,12801.954419000032,0.0,14828.356197868774,10220.682299729287,11116.469462677447,13296.054738926652,11723.013708504355,0.0,14477.478058409535,10844.049523588674,10949.702733026734,10144.165644428916,12967.24643939825,11200.119198889628,11082.158211144715,10144.322368519715,14015.621955333234,10964.600132384126,10706.390463831136,9241.868261768312,13032.270726740731,12695.91962818344,13686.3737870076,15211.345869020271,12651.621683952431
Tauroursodeoxycholic acid,8431.033657362826,6979.68822076354,9022.486985735695,9360.057577338266,9226.918967107922,6629.115920860669,10685.527134630607,9744.921995846458,8373.633106140263,8507.509352642603,6656.1043385726125,9318.855940987054,8432.114014702041,7493.302586568408,11937.759627483993,11193.158063333596,0.0,0.0,7369.724271209165,8852.427968370039,9526.250324637676,8734.874197172881,8831.120982828608,9130.09477417523,7478.454275243332,10040.924622537035,10325.699038254286,8323.177892329135,7999.815334735406,12203.176067531327
Uric acid,3566.536131987304,2122.116008786156,2959.6983452947347,2579.0181948290806,2621.2246001202043,2709.943060597193,3024.7961840710564,2946.5095104698867,2474.864266561536,2553.5027656162933,2206.437612683326,0.0,3128.852277722376,0.0,3481.8967369456614,3050.1121536418045,2828.7298970609177,4143.088059197712,2615.3973975163435,2451.957540994739,2804.30528779945,3094.3899700348884,0.0,2799.550311810027,2356.819303444427,3354.7900054533766,2808.4891146982663,2560.117511660389,2620.838758058356,3065.005979657878
Cobalamin,44644.05516223476,72605.29906868986,56737.10371229096,58584.880190154894,0.0,0.0,58712.62350205184,57429.61238828106,0.0,83949.91994733323,0.0,57570.63208336356,79899.57676299127,50823.528190415294,74117.67100454205,58877.33664243726,67904.36710955968,63296.0812679363,61033.27853777548,50907.082133447606,56911.038972433205,0.0,54922.06785690047,49445.33673523855,50225.18120628145,71943.24495743403,73936.38729314123,52245.55867134139,58005.5578732319,70109.22794789489
Indolepyruvate,0.0,22619.285911409257,24568.57808222397,18964.81937818332,20209.72255837045,25119.801436042075,23082.975989829225,24004.56923221903,22705.864421982584,18454.07658878349,0.0,27213.632348139952,24200.93918009584,0.0,19457.12028161425,21574.262547138267,20922.561624630656,20762.45791106101,20410.71154669298,24480.46396321959,24335.390996498663,25427.197207866968,29353.67615873328,22994.79603757371,24029.74714237869,23015.433065977908,17585.236991664762,19109.78364578443,24034.922423186865,20974.990551588915
Beta-Tyrosine,26859.19472160305,21858.514916346936,28258.546367884504,25887.098354731566,27833.425132002085,27856.25918747895,21209.64302523413,31929.526827055528,22382.835766598437,25876.605012080017,25250.87571450803,31598.080812433574,27508.08145415952,31267.987989842044,27907.565411994517,0.0,23983.996697697647,25221.11923573596,27219.936083949186,28133.4084544503,24580.336249551696,33434.45584897694,28322.41824320268,22920.471300062643,33835.63959626707,21024.25338511025,28721.82409658825,24948.313522612854,34276.78926755227,30684.38842305302
Dihomo-gamma-linolenic acid,0.0,11704.493772554992,0.0,11409.013842809618,9997.409462475638,0.0,17177.969112677405,0.0,15263.26238458006,0.0,15752.818964610442,0.0,0.0,14814.753166154233,0.0,0.0,0.0,0.0,0.0,0.0,22535.914827478264,22230.86054023148,0.0,27433.673221958063,7221.8030959092175,9780.466878746924,9038.017867040338,9846.220048787973,11122.207497703735,9352.695295192854
Glycerol,72049.26295734583,56732.08962000707,69167.08257447538,64090.20981614687,77740.73793877801,72483.35295548906,70286.40171973742,76873.63992257944,65607.8480112528,63331.6708210798,50905.018350397775,74232.16361278333,74998.6172394735,74382.62069904782,68728.53671791528,87713.24655758882,0.0,97999.11686589132,0.0,66258.89570568371,70636.64936753591,74100.54510384052,79310.9727643152,99248.00527850616,76480.66723434794,83355.01171550174,85976.78273023441,80006.08985091258,99897.5042032036,71249.89330336715
Nicotinamide riboside,0.0,47009.9362423656,54168.48881116169,0.0,0.0,50818.7471871922,62171.48853279256,59532.56161623611,47130.57119271005,0.0,50285.96893130839,49689.66931461542,0.0,60600.038773599874,0.0,63672.65875507036,57616.49852858665,0.0,48234.65461564972,57306.6422360476,54198.4094320385,0.0,0.0,49018.5446016394,53782.20937884845,49424.05004552724,53484.09431390835,52617.688315323685,53241.05122329205,52641.86196919519
Allocholic acid,17546.39093435758,22592.63890960864,20753.618554076947,21027.21618208993,23624.30565652416,17891.198243462924,20702.194892650103,17881.58963325131,17072.625352686133,23598.38561758847,17042.571790997514,28104.40934256878,27697.26721739432,14021.139404984297,22254.212693800037,17090.160466191708,21125.885477058448,0.0,13259.645451095266,0.0,23662.75303719495,20160.25852932364,25790.90026754605,17438.31692538866,25862.216279322067,19402.835395523096,15972.0108418086,21132.03346297162,25166.83771570872,20025.939324217987
N-Acetylhistidine,13057.187329917586,0.0,9096.022518780735,17133.629861867397,16808.575560549765,15818.23953980868,13477.860504632114,12828.509411294284,12050.34347187476,16024.067364493949,14301.956099860388,10620.26721509924,11786.857771437417,0.0,11636.527516994078,14044.072715824055,17107.01084163944,17071.925800355755,14040.375142211014,11060.463675682588,14651.359492866768,10524.504756699684,11751.737553359486,11412.707156756322,12221.003741914868,13282.348567146566,14877.366043527016,13262.985378607613,9885.937308580544,13896.80956592368
Monoethylglycinexylidide,0.0,17521.60961912195,13958.037588130708,15055.36683472298,14449.095872140417,17605.6618599701,11663.21911376112,14380.65013496182,18909.79136808989,14373.62940019369,0.0,17451.85058804604,11607.418543908396,13534.078887511929,20616.42401508116,11917.696652900571,14070.784995013377,0.0,4811.42078688672,5923.145320598808,3990.201155445704,4714.551047855211,5187.502691287522,4411.061448913234,13451.935435758509,14373.06194571556,12834.220974699369,15374.448766552823,18139.47816064691,14251.979203837887
Taurochenodesoxycholic acid,10951.858300204532,7305.225207839188,7476.078993216003,11940.944529892053,9637.864518048713,10554.152910928524,7909.343344850839,8567.978212375838,11808.0991833964,9822.65842825085,10888.388473158246,9926.366478320037,11794.367674584488,9095.678538975191,6993.057871389058,8558.10229351587,10740.836853958948,10286.617692055066,9497.768208101908,11809.2715704227,9025.23707848942,8293.54388974177,11275.719882676109,8904.335376379897,10242.575253544966,7942.469156936149,7896.052729727915,8951.568050687814,13807.964616259302,10619.944679207165
Phenylacetylglycine,21645.54221768499,21222.721361935648,23392.07524102621,23060.29588208723,25170.528931944787,0.0,21512.72738936744,33683.946221849714,16917.34355256532,23380.64327077813,20259.085699173847,0.0,18482.451100928432,19959.74772787489,22721.535224994925,18391.44976364293,36269.67754118094,26953.078120086106,25611.37422094196,23999.96873006339,24413.224977065263,22127.0725487036,23488.91025805979,21825.58370943535,19298.783113469868,21987.37697287408,28159.037732912893,23767.8615182163,28944.88967423086,26365.876103921943
"Ne,Ne dimethyllysine",16781.09414317291,0.0,12216.059620075115,11189.57745043062,14320.629414998117,11169.03370327474,13138.743097700588,9208.49264355362,11107.077304866723,0.0,12889.045694014763,14611.053818771772,11023.930032750171,11520.33298619137,9239.018918488811,11896.293620890354,13493.696478702024,11511.042320537072,12084.082739523968,10318.3660276621,10473.389940524588,11923.963311996546,13390.437204564436,11273.039311487708,13244.800762071824,14179.96516194626,11079.688542983597,10003.47235356867,8484.47699830959,12351.670470584037
ADP,0.0,40103.07698542179,35770.87385337951,38115.62952686584,41920.45009543225,37459.97024533225,46159.95081106454,35137.76299090776,35955.74222195523,37202.54292904774,42216.187087892205,33551.268234245574,47021.90183878322,30231.02038714722,0.0,41669.91247847481,31544.372871289663,41792.97931812227,44796.44378927447,40971.69207617756,0.0,39029.46255310194,39436.0091286892,45643.82978820627,38023.9088567643,36738.67529219002,45073.57262249758,43239.11669843891,46339.887768528,33352.573611170614
Serine,0.0,14981.807195701438,13380.169830815525,17252.48314999157,16163.25822659003,13068.440519183618,14842.20411625657,16922.49208775608,11786.011306428358,16686.431573926573,14900.362544275344,16610.36859722232,11008.792238717571,19540.9739028107,14025.545206173165,14084.61958907998,14831.798383559611,16695.70080811555,0.0,19412.254858392844,14841.888941447529,19677.685078105707,14913.936079853052,15390.27951607335,12109.426587904294,13626.252258819506,16070.7149821721,12363.31039516895,19810.571449896088,15878.974841285048
Carbamoyl-aspartate,14654.405097673663,0.0,19874.251226836983,17384.443093154347,0.0,14519.5143165051,17744.591726017676,13607.390653494302,16312.333340314968,10993.710571518146,0.0,15718.352495004405,17239.55222222153,14380.313254105891,17766.01252400492,12365.669190417007,15033.051714273915,0.0,12212.314274593817,18768.59791223061,16152.108206916604,0.0,0.0,0.0,14020.011424743674,12585.690809978574,14643.950912703283,11116.386639888666,15968.755666230823,20411.763796678708
O-Phosphotyrosine,95827.56197173792,72505.39142567191,95341.31599099212,101395.01206290231,104822.8168496848,101449.21426050016,128742.07908071615,99601.95430944469,96539.89063662363,107966.38312536,109527.69731614772,99227.0382091311,98777.10428695666,0.0,114303.89667853492,81142.50760103676,104271.816557812,0.0,30478.274159656063,23668.19383102614,29987.93871880143,34279.895050342886,0.0,26124.402568442794,144360.88983542158,117812.67156063848,104833.11502366076,155310.81675308858,98061.9888062878,81667.94964862608
Succinic acid semialdehyde,10396.295139776092,10768.748119693371,0.0,11825.334066343044,12358.19193579087,8610.820331127237,9667.770247429708,8869.719594275828,8764.236042269382,0.0,10805.494466308744,10312.059743599162,11164.486630773505,0.0,9665.921157849923,10039.645874057993,10268.375168876022,0.0,11509.615228394989,9549.150349474328,10200.772779913948,0.0,9703.718065491332,12001.245537224017,9583.807339071036,10414.162580010758,9144.34271667456,11846.137362987802,12574.687865329994,10935.021510315726
Glutamine,6139.967860778893,3346.8085272260228,4137.923466517833,5066.359011309832,3634.530632918667,4477.343175835346,4641.45426420423,4423.588919412847,4560.802291774207,5216.053262947684,0.0,3715.824162779064,3765.71827091948,4908.282952596411,3848.885886767151,6116.089122799505,4521.51301963514,4753.605890963615,4472.046008951349,4345.570180571092,4114.26575995955,5915.242065808178,4850.233294069253,3392.9520986480143,4173.821303463167,4972.448113727808,4890.444409806738,5521.049432071145,4780.964593494699,4420.07823603926
Orotidylic acid,30945.54886161415,0.0,34468.99602006193,0.0,30252.388592419386,0.0,32460.905733814605,31271.825059422496,36030.16129978703,0.0,34783.7825790566,38167.18089536801,31733.620283950368,0.0,0.0,30067.10396352383,28767.1267465884,36908.25235977913,0.0,30440.061928985124,37359.53730782415,0.0,34509.07597639144,30100.97666422684,33665.47731649685,30940.580767714247,38527.39244626463,32892.27983922479,25736.210132002117,29529.67102484919
Glycyl-glycine,2281.5416507255445,2990.0412557057343,0.0,0.0,0.0,2324.606872105239,0.0,0.0,0.0,2600.948133221263,0.0,0.0,3249.3373008287863,0.0,0.0,3008.3541330006437,3545.938461310109,2224.822966320324,0.0,0.0,0.0,3127.999949326603,0.0,0.0,2868.153540864549,2977.350639100405,2847.0639111067926,2886.456182612417,3087.793754792092,1913.849884194232
N-alpha-Acetyl-L-citrulline,21137.345325966668,24002.94047205332,29066.440574372915,27064.274802641565,23490.40620207988,0.0,27812.21605723924,29550.02605326636,33007.19451896759,39492.79956417158,28437.74940826548,29501.19053637674,0.0,28487.370027894387,23748.636388281266,26805.46412639208,32166.601771680165,30273.812006611,8268.324708827537,7448.557380099211,8543.40101722607,6190.29779690252,8609.049064233208,6583.251450776912,27112.65890294156,27376.06997777277,37765.56199662709,25618.78757269062,30839.892726615555,30550.736599523087
Glutarylcarnitine,59652.30991135381,52215.355226914,49503.251165569935,49458.69620714613,69202.09397981364,52210.401888320885,49012.68231248885,67833.71089344547,64452.0244304361,0.0,54274.27749231736,0.0,0.0,57214.13714324659,0.0,0.0,0.0,45434.49937358963,0.0,182028.44746491,211171.87575469344,170972.71590406873,245452.41878152464,0.0,75713.07129089066,71932.95546135327,51103.379210683066,50354.9018585304,48120.12425409487,50449.7427320611
Methylcitrate,28319.826323997127,30065.8419619957,21542.91195865999,27742.24660856333,23373.41059733437,22609.4783241147,23042.23126495295,26536.08099990703,17418.488070199975,0.0,21483.34437600991,26653.2952463392,26376.20924295807,27458.83409962227,25978.533915297558,24899.840622202384,20864.479446283443,24553.439131032217,22329.451541557788,21818.781274261484,16897.329962481006,27784.95362045931,20401.16301433829,23496.952506838126,31411.62392465541,27072.725320312864,22006.19911550855,34442.67879327679,27660.002350657174,20827.89881231342
Homocysteine,20762.885628878437,26026.900724141764,25260.205918924512,23662.4066086813,18553.599946499427,21934.808826217035,40235.61204931982,47139.64097935352,36292.57216615337,0.0,34270.84405982132,38250.41267815929,36956.2442402671,45682.404506346655,47641.7478878592,51238.32743415217,48054.57759494856,0.0,57199.2294956246,62384.47719374525,66772.5461181118,65359.9025878484,71597.42840521416,57915.44616523188,24407.735655224667,17699.303494302534,21184.675323537824,27574.028538204075,19481.15089936416,24751.258387314043
Pyridoxal,2581.543484149727,2893.630270197043,2252.3167585986234,0.0,3562.535220956509,2548.709631692564,0.0,2228.5650354871195,2939.957011013314,2932.1364612991347,0.0,0.0,0.0,0.0,0.0,2717.2196086002778,0.0,0.0,2684.854208168515,3245.523455627727,3261.479660737731,3124.7606213487466,2717.227903109122,2867.345990459559,3317.155059342153,3127.586373748022,2939.0410357042697,2999.374087898238,3380.533398036333,2693.298701863772
Sedoheptulose 7-phosphate,0.0,36587.75437225982,0.0,0.0,0.0,0.0,0.0,0.0,0.0,0.0,0.0,0.0,0.0,0.0,41487.93339945106,0.0,0.0,37736.35024550824,0.0,0.0,0.0,31026.91243004472,0.0,0.0,45072.595696951685,39442.139814788905,45369.00447419568,34186.034526443844,36888.89052802348,35996.1090509664
D-Phenylalanine,26020.07276680895,39312.79262584515,27869.699637391,27223.441842079348,34288.33370395509,38284.47260844458,0.0,35414.60906354389,41208.312743927854,29978.25555635427,25483.78418198428,35610.00134705731,31101.1142223287,36035.72348008288,43688.03046858683,38524.632675295,34520.3218994497,30186.314971911936,38762.74582179354,38556.51719148218,37118.09734841085,34190.58292469178,0.0,34286.16000197633,39836.245024756216,29662.70641296016,36214.55590204143,44544.82868618906,36506.07205663103,36147.263094746224
D-Malic acid,0.0,7696.983122118058,10933.015371207865,6163.996423480486,6209.217926491046,0.0,5922.343696354701,6082.049922144052,5933.152967696395,0.0,5055.045020752716,0.0,0.0,0.0,0.0,7317.321297757648,0.0,7416.044162349213,6526.447572608105,0.0,6089.941489154737,6979.959806575842,0.0,0.0,6847.324191036541,9558.578517111691,5394.086925980248,6889.532451805775,5215.835361856511,8620.114778422867
L-Formylkynurenine,197520.57284736692,175379.78498366775,186443.06448791493,145255.3179202295,134449.78930784986,121675.3853443324,147885.96150329377,170665.83547193822,159387.0908126789,144029.13674196776,192179.8410798661,123025.04427926004,131655.257415047,171710.91061448687,112064.36937910144,122986.11008504934,146161.3365073273,163308.08223609455,490379.1422269142,534878.2925362483,484478.0490123916,388171.27813501866,0.0,417433.3271296152,168450.45129309112,165665.60890634017,139478.74131071198,115944.85008556632,153250.66106439958,118938.11502574736
N-Formyl-L-aspartate,5506.866660433971,6619.876833709553,6713.748679646238,5769.445049466317,0.0,6799.59566983144,8401.316920515808,7221.383747794458,5785.028460639791,6032.609671637859,6766.470188424223,7306.61807910311,0.0,6355.881285960371,0.0,6493.6284693567095,4796.4526626457655,9760.90158383971,6144.602843022455,6021.422585994552,6820.507381688486,6574.218735606468,7322.780319748196,6555.052340655368,7143.914751540681,5757.831171290711,4557.710917121632,6841.797271620482,5526.423535787668,5106.986118913651
L-Histidine,4195.868201996711,4179.594479608017,4409.907498323665,4807.408432595269,3987.693546884018,3219.052259602308,4607.041103781932,4494.02220585149,3493.2637110233686,5440.338886484363,3629.642385035658,4771.565056000628,0.0,3527.3226825426577,3815.829799191121,4495.431450406897,4800.511834070902,3694.209902953316,3723.8506091967993,3387.974652531981,4977.299643844351,4691.506475821518,4033.125164378888,3383.171520683496,3999.061612443693,4100.087262561164,4407.962425883273,3127.103252997175,4562.934353896964,3934.910027527956
L-Tryptophan,0.0,3909.118274033755,0.0,3595.8994511840674,3342.21275534587,3697.925053171737,3178.2797000291894,3355.3871533299503,3342.2195530053364,2744.143409364679,0.0,4764.851318660111,0.0,0.0,3384.818517096482,2480.89551554842,3107.6187349402167,4580.70745448627,5001.27436402461,0.0,0.0,0.0,0.0,3756.54412984825,3605.3434481298254,3203.7655979380943,3935.209971559083,3565.9689524654327,4675.9366700374885,4263.497267108352
Tauro-alpha-muricholic acid,22868.462043132826,18618.1364514054,19500.333877254307,26487.5873606995,25485.837897360227,19081.3654583213,22778.573620761505,20134.47680920643,19046.941928594893,17483.566006539622,22133.07588704017,22418.389702899527,21285.369200340403,18725.536674775747,23569.76467252764,20733.285726620918,25037.982449549047,23337.91852429077,21106.14177859931,25873.97216082097,20195.23041614658,20349.162170365835,22783.03898085548,25234.492783946876,21972.66716547077,22987.953033551075,23524.899925488724,21529.08691314275,23484.76083728239,23357.218577694
Creatine,0.0,0.0,0.0,0.0,0.0,0.0,0.0,0.0,0.0,33187.62673823023,38066.61922115564,0.0,0.0,0.0,0.0,0.0,0.0,0.0,35304.91417645829,0.0,0.0,28594.25864699186,0.0,0.0,26930.913612415392,29237.67514935404,31373.389027618385,37681.759852024,50746.08642705156,33373.8784026812
Ketoleucine,34959.47668633304,33602.60838051625,26018.10347308052,34344.61121690583,0.0,42220.44167762552,25163.09421640551,33910.84423061926,35468.60376625757,28461.717116130112,41301.43594594763,35164.65132700289,37522.41938756875,33493.01972533846,32587.59857193157,26867.578907835126,38053.692689947246,40023.18697779139,37495.8168466798,30321.36391014924,31071.211153071967,28330.543846138637,33095.96171592994,42282.41939309188,37777.433998894114,30829.5925823613,27445.004040579843,35570.294089097246,36686.42226077376,33064.91696307433
Deoxyadenosine triphosphate,14896.004966617227,14498.401710921147,15179.76296149553,13574.92008908629,0.0,16723.207317093882,27081.88226799959,26546.17956516241,31663.994527562118,25006.763704398258,26131.696670742185,33954.84217835435,29421.99584045448,26870.82089106609,39267.33205227469,35212.396064697874,48477.63385060445,42067.34361488732,0.0,52813.75323542381,40103.04602841503,47452.21007353925,63594.65643052776,38751.74104991428,15620.137759106578,13443.22522693871,17201.978967863095,18027.389876620186,13664.313832341471,15686.49345546452
D-Xylose,11963.95103592016,9892.240651466716,8357.399095854824,10455.314101116168,13100.30547359484,7942.465984684196,0.0,9349.37153796169,10537.843505444289,10207.728841456812,10661.045852054467,12906.38756265844,9698.085165732868,8612.59768499649,9897.411643255273,12242.005942363694,9514.05657770704,10807.364741039082,9979.25857094228,9503.31992597032,9187.635894170073,11192.61314669671,9051.806051735017,9476.170206935753,7580.405802330349,9441.666563103498,9488.774714514027,9954.016767205434,8990.55265362661,8020.499239331364
DL-Acetylcarnitine,53726.01680719332,55417.095884923016,45926.43967714272,52700.84725970581,47437.15303109431,49459.46953497492,51852.96710550603,46779.61273980181,43659.0559616941,67617.95618375514,49549.813276976056,0.0,61809.89738892244,60044.44179205358,43977.44833977542,47228.76228899574,79040.28839224877,51591.70717086648,57652.6949727158,53281.436457404016,49278.43367949022,51383.61498023066,0.0,53659.60097569594,34530.89737883631,47180.37253067555,45283.27057660637,38597.07456789246,44444.484462397086,36570.30209281274
Thymidine,11674.323742255396,8287.242401002572,8279.6698255175,9984.255459591512,8612.25578530755,0.0,8479.13095911384,8805.59671117356,8467.318557209901,10173.480774427531,8214.09717781649,6122.475528253272,9006.93068096258,10329.907054147656,8003.995760150694,7603.217488716386,8137.3301937701,6290.704572616685,0.0,7954.962410584205,9907.371661677083,8309.394880506168,9931.726657668578,7273.379921083181,12937.505131808632,7822.67366576711,7625.918913457073,10862.085977342853,7538.706460086047,9294.150899797683
Serotonin,9972.611726304389,0.0,0.0,0.0,0.0,0.0,0.0,7598.015468926326,0.0,0.0,0.0,0.0,7359.765023407335,0.0,0.0,5674.742844403454,0.0,5680.947667723407,0.0,0.0,0.0,0.0,5395.118085550078,0.0,8960.1115841624,5741.693132085067,4873.751041170235,6802.877689733757,6016.851997116647,6601.899006163322
Thymine,0.0,0.0,0.0,0.0,0.0,0.0,0.0,99116.11813668643,0.0,0.0,0.0,100773.4834595377,0.0,0.0,0.0,0.0,0.0,0.0,0.0,0.0,0.0,97774.63404973816,0.0,96680.15408433774,85696.87141285303,75593.02703383226,75439.2506137476,78667.65416382685,80762.68321563168,73504.86994979878
Propionylcarnitine,0.0,0.0,22273.894609452964,20124.103790168152,29888.84291925172,0.0,24817.827604862523,26197.798907761728,26637.49143292243,29005.18723810608,0.0,25537.362106773133,0.0,23253.61223033368,28253.70648512429,34139.62710737844,26467.72390156617,29394.33353691452,30958.05925727234,25920.559515366032,0.0,23663.794901990084,30418.07087843196,25415.75239219045,30941.58878391824,23002.371378884374,28411.12015369122,23382.798863258453,23567.970577907905,28973.76614417464
Cyclic GMP,38607.43582224541,0.0,0.0,35624.171585047974,38951.15310045352,0.0,0.0,0.0,0.0,62442.16467380436,39201.026478696615,0.0,0.0,0.0,0.0,90301.49271770056,85569.6825027658,74792.17618680598,0.0,97076.5370133601,0.0,0.0,0.0,0.0,41924.6721405734,32968.80883445346,40074.55774259655,37944.57331353421,34851.72350462017,31674.93308984229
L-Glutamine,41832.79728242264,0.0,31061.808181850836,40844.268290540254,52851.95009914052,34342.968384354666,44704.83443308921,46472.21200131775,0.0,45425.57633973082,56105.696969568686,43944.20035095114,0.0,41365.11805318065,48105.4672941552,44056.64418882539,0.0,37570.89276193781,38644.70067744725,0.0,57665.9450612343,49739.1484356342,46454.01243032052,36644.34601548402,44869.97536405069,37796.97496348359,50001.44742671527,38412.658104812384,30018.911252665446,60906.59864515367
Homomethionine,13244.323946523784,12106.529000313589,13409.810380613022,9688.028003731652,11795.685235798415,10782.726229699054,10796.50848354494,11070.1657286864,13926.267915419794,12776.60087915827,12353.584032661787,11305.190840752282,0.0,11559.92704821486,13059.211878546988,13680.220692874778,12584.967542999697,12271.094581659843,14067.371485455558,14308.235832747,11769.951307826906,12020.739338738313,13894.647121778396,15415.316539684614,14339.00387842174,13688.243796867702,13206.732940323063,10581.59232006016,10911.527686515185,12832.204146901808
Uridine 5'-diphosphate,12349.421228703566,13885.390310354738,0.0,14820.075320486683,0.0,13363.79709482895,10134.519730179549,12283.277095679085,0.0,11237.93436495944,12600.765678314763,10891.906272686296,13421.88075324714,0.0,10671.695973241853,12224.15779773034,14236.52860233773,15240.206690603882,13796.1167264766,0.0,11391.277557614363,13299.397864474866,12457.197701893863,0.0,12693.88764761592,11507.723597932034,11058.032948512022,13280.698631098425,17216.39838409532,10642.34852928976
Selenocystine,34974.294997628705,43433.69533781136,0.0,0.0,45093.26903064102,38012.70069259936,41598.25409948438,53358.746803533904,45730.98412257416,33845.02344992368,38173.86514500379,0.0,41181.66132835415,34215.14104347963,45044.08799587578,45187.54542834869,55100.43494205243,44683.83717194189,47382.4172350698,50916.84660841112,32959.441163070645,41046.30294449689,40313.40689947205,41188.616437766745,40649.55978080961,39102.06045439012,47943.52968336486,38855.87632003662,51051.51847671725,36107.05024678132
Methyl hexadecanoic acid,10826.31089283999,8506.861620639638,9462.00250828718,15833.938130562754,9890.60168864776,12052.184228586237,0.0,12647.85602025974,14668.79643648236,16968.186162774564,11487.23515690989,11344.14341594278,13912.368296509529,10747.074021632376,9246.19985197844,12452.211462657717,10729.926679161255,11056.104517030337,10774.045301181555,11423.633676714531,12360.656860760902,0.0,18672.019861647557,8408.014253330832,14498.561328034411,11337.684787543832,10647.2116474878,11462.399887957768,13771.780382126331,11197.818494887166
Indolelactic acid,30204.90338440117,29680.87874004065,0.0,36351.21855973945,0.0,31748.803576459148,35892.650328811214,35442.30646136056,32243.73272839305,29749.704252216303,30756.64957115681,33455.11719793388,0.0,30888.466949165188,34342.8191596491,33823.27416384161,24629.448472688306,25312.55211021012,113683.38069214078,0.0,80759.84204585463,115344.8633673906,0.0,111338.63172966384,34142.15315271419,32127.79895472538,26834.08194568729,34547.270016284965,27486.63070902235,33430.80064028489
L-Galactose,0.0,20803.80977677453,17475.04046513029,0.0,19404.33501563928,0.0,0.0,0.0,0.0,7932.148915735801,7882.662124135269,7702.273131178757,0.0,0.0,0.0,0.0,0.0,0.0,0.0,0.0,0.0,0.0,0.0,0.0,19532.541778657527,15911.752680570466,15965.773204484323,22474.25928702675,19274.514999480158,18533.95125453549
N-Methylserotonin,7270.21867295158,6952.5211093145845,7470.421709527982,0.0,0.0,9093.214250152952,0.0,6359.546675605234,7513.989983981901,7364.123613683731,8916.169862256897,6486.560615277443,6949.709155647418,7643.632734356935,7135.690353810533,6358.608413745966,8095.00497392926,4897.471508161533,6772.101478581645,7000.117216299373,5530.606836280125,7116.752863092073,6360.646790510668,5969.982803836228,6279.236218377427,8694.599803637318,7229.873302951401,4859.456183635868,7110.230053089309,6757.931167064921
N-Acetyl-D-cysteine,53494.63898105279,56500.367115639136,50271.29257556728,61425.67208367102,53163.50681770949,55419.56067215123,49575.617593900606,72291.24425177314,40244.14866732569,55099.08819432441,36525.925652417856,59908.29588242588,49043.15698908376,61320.57734059803,51715.68909454828,76813.57789600236,0.0,51487.4974886437,0.0,63304.19353139304,60195.578403160194,50507.61724579184,55509.59447534819,61106.523735136325,69455.52266763599,50552.56517509061,59766.16750236361,46862.73315700192,65439.97788563459,62359.411652268434
D-Glutamic acid,6388.3491626303785,6387.450993144907,5587.044470049051,6574.493071394937,6379.665282434687,5660.035386762499,5532.731710015451,7120.445056328665,5602.049169320606,6642.247310280939,5481.348798388292,5526.37393854069,6704.439658564046,8109.03665726595,6275.897379992374,6066.772358337387,6735.960039959956,5361.458580302319,0.0,5639.984154572016,4875.059147523485,7817.670380253582,5772.554361937459,5480.706470820563,5727.265799830894,5243.416200215929,5796.098516577156,4013.49011012528,6325.217208059304,4723.295120097979
D-Fructose,0.0,33604.64366625912,0.0,0.0,32983.55224681862,29761.78738654976,0.0,27234.80363398709,0.0,26020.194875486453,0.0,27319.40045807339,24935.81984172465,0.0,28835.050850817977,23828.29109768517,0.0,23372.329576466844,36486.795587198096,30090.316869646624,0.0,0.0,0.0,0.0,27884.72346790427,29136.06018646496,23778.821389032237,30050.37680363072,23063.11237318281,29417.72503450059
FAPy-adenine,29186.16177563233,23058.22972777981,25737.28823615609,21369.345000583613,0.0,20270.898079335624,16144.509486728228,0.0,25875.289962105577,22375.616196499963,21175.91663897157,23133.195931232163,25245.967726094605,29462.25714834946,27013.464529157365,25907.61164566227,20839.90405697024,21462.2812588717,4040.33543573897,5740.600940075135,6071.214049934205,7638.997681778194,3779.2177754654417,5581.82891654172,19002.777595434967,23057.819549570788,21058.964133518333,33119.8384571371,28810.58555002965,24235.602295878703
Citrulline,79450.98166755945,55067.23192923482,78333.80821566757,73294.8760516204,86805.12886952411,69955.72271464103,66172.26863913746,92544.65217531886,70537.7821066516,80725.07013429313,85410.99873275287,104684.77019511531,78642.15611867052,81511.36592272007,89909.3142661969,93768.29396090144,68120.10907739564,79988.00542801831,96709.5172100368,62611.54700782132,85594.45692586625,0.0,77461.41547260489,72173.43159233601,84566.1001941833,81225.91461231664,77212.60716835246,89884.14373370525,71430.39336544929,66625.79448518323
formate,0.0,0.0,0.0,7944.115759699986,7368.600118967135,0.0,0.0,8922.437310103935,6600.854044945151,0.0,0.0,0.0,7495.703284806085,0.0,0.0,0.0,0.0,6826.856568610237,0.0,0.0,0.0,0.0,0.0,0.0,6398.866734235859,10175.786028308366,6228.536873270862,8079.811489769472,8988.26689695621,7418.787259409032
Butyric acid,13951.966005342672,12068.742121805652,11927.049650761664,13231.265687232482,12238.310085821651,12621.562202896424,13371.846035339122,14117.655331748218,13120.728532683232,10803.951523286614,12566.263246407316,11526.058870794534,13377.500411793872,14200.488026602345,13770.251018514931,13114.499562377085,13647.100708242377,11619.964513517276,16264.095477442306,15214.530762340268,11462.054701587987,12521.103722774058,13691.766078462217,13652.453157406728,12822.863472598328,10818.788285908717,14949.496757826244,13775.699767955966,12252.796615337387,12092.899257445111
Spermidine,17152.20185138664,15638.456693177784,20168.959132886237,25196.24424134257,23036.425031256367,20624.22364572494,23038.30676090201,19956.761182218168,16000.305129694416,14767.2281859493,23407.24197200171,16966.17897269529,22453.24475607916,19638.67861522677,0.0,19741.444009738567,25324.343787577272,20419.682418591685,19113.672676207225,22780.36740576997,23644.827262138777,20903.6320937679,18347.77446333056,14821.42364025784,21253.845329319585,18397.84777751392,18780.2476756269,21308.43130465071,21274.28026216899,26521.500475105957
D-Lysine,26204.142625116623,22200.077042289417,30172.754166342223,33601.22612001482,27214.87891107995,20226.96924286671,22744.53015539226,27869.525570746173,35998.847185322564,30123.632340661945,30576.23886073669,27624.214545489136,19276.05228876866,27259.4092767888,0.0,0.0,28303.61930677784,27806.15510413952,25417.7292041308,26638.71135706393,30498.90800599989,20498.46896888654,25929.97911368805,21920.777699516504,28744.32002709448,19788.915177592327,28048.63227016832,25176.32074948957,24065.483798454163,29887.343992202204
Putrescine,62961.67565480909,60900.87884239029,52429.1509420204,70810.19654202941,50256.46536104714,59606.09103251215,78794.05631697425,66021.72807138036,85619.62691044214,75497.07435039959,86995.99971802143,99353.73770946996,128827.11436975923,128624.67903687186,143018.3142938815,100162.97487545513,101389.61846457684,0.0,156622.1664439207,124010.95630932368,0.0,140400.5931497682,174482.38206819238,119815.26113510328,47346.4944954057,47592.74548964144,39339.64175837847,64994.8484098483,59479.47472040359,46066.05476422136
Methylisocitric acid,31752.2434288464,32799.27300475869,30139.428412270023,24766.129979746183,0.0,0.0,0.0,24899.452281240847,0.0,0.0,23671.22116898416,30851.496227785246,26211.23748037756,32076.01031592929,0.0,32669.709387269635,42569.35696080339,30043.36793389729,37143.45951944967,0.0,28176.819574886424,33551.72711230112,0.0,28271.592288812757,33419.12559007853,31246.59508503993,32960.31092752155,28495.826871222467,32403.6138864679,34821.92052612679
N-Methylputrescine,23104.14514932275,0.0,0.0,0.0,0.0,20417.993421683517,23251.77450496493,21382.444511844045,0.0,24132.357226594697,26363.767396557483,21040.12413632811,0.0,0.0,0.0,20061.60195018932,29514.52688594264,28315.292272359147,0.0,17607.203350405784,32073.420711436796,22820.550292516746,25102.00403988484,22403.94576907528,21418.32896048957,18272.679482450672,18955.46310509549,19905.356196795896,19983.46573687604,18427.759848320704
"2,3-Bisphosphoglyceric acid",59040.15422899952,69826.68493012623,58853.81884350092,61771.02126530084,79723.95837613929,42456.063958979925,63853.03829310055,69982.54400693059,62771.00511836353,45227.06286317538,54730.66673624122,62595.23853020186,56904.81920220593,65688.21803533632,57761.78086587383,52157.85445363691,54602.64052588777,51011.87825226281,210613.99574500188,239099.4573481105,204082.6557868968,227324.22363646995,0.0,216630.055471693,62193.366163290506,47631.39474813939,71299.88445916156,74641.3863137003,54409.28562380782,55515.57577984502
N-Oleoyldopamine,167051.1961953216,144002.28158480275,151667.29119042246,165015.71613361113,140122.9920258021,155872.5936147235,203514.5108440208,171365.7466137001,162029.15592441452,0.0,227489.3184676004,199082.8123789899,0.0,187910.35308854975,187288.36970089035,141607.19121676605,208713.7848220625,176143.2416426805,151131.12624412187,175838.7484277706,147793.48738005207,194259.0950776992,164679.8522069294,159096.1067782026,157426.14046863592,182336.28412029988,185314.2701464484,155366.28218634258,127885.41004615252,159948.94543204742
N-Methyltryptamine,0.0,5776.806604881203,0.0,5834.6633273021,0.0,0.0,1930.409185188216,0.0,0.0,0.0,0.0,0.0,0.0,0.0,0.0,0.0,803.8258804161588,0.0,0.0,0.0,0.0,0.0,0.0,0.0,6643.124448094733,4779.849745291275,6107.9496527084975,5890.948469759575,6089.183472100604,4454.646181431391
Hydroxocobalamin,22474.527349725784,22843.361036080656,0.0,0.0,18688.9819614953,0.0,28775.388172700143,19737.6225330162,26693.199226540524,0.0,0.0,26270.90284384876,21051.47604332147,22282.998825579893,24701.611019584587,0.0,19632.002217977533,20618.959812054432,16611.57696351643,24065.021678614623,0.0,27494.38894836213,0.0,28311.36188703741,25423.71870669853,23689.373347449666,26445.304326743764,17929.12296172838,25643.512416788828,21723.973971434712
L-Ornithine,39680.86735430249,39445.97447887424,53285.719787364105,48853.4779414621,43953.821250714005,0.0,46529.68597264201,50977.25165717919,39988.35688318038,43071.95617600288,0.0,55287.772612126384,0.0,0.0,39584.82761875464,0.0,0.0,53522.77106291242,54450.38756114869,44856.051066887565,51504.0187416804,46784.58911277844,0.0,0.0,46220.93216458825,56439.87796349159,44732.94568603109,47911.57963611268,54124.746022235326,55320.3410126063
Riboflavin reduced,20005.433903421108,35927.195206500655,27834.200052570814,22905.11810876603,25544.2446910338,29449.44307873225,21485.65943857479,23124.74806386754,22102.02919297484,19477.253585251245,22695.16296519596,23242.356173059743,20079.883467871103,23703.09139024223,24285.26088762625,22805.90900929332,26410.90957848855,20201.239305282743,25985.21872786781,14379.408294735593,33448.93216639101,23975.799418117625,22190.006266638247,26310.317670490243,23389.618975592643,23163.364131364044,23891.720365666937,26239.51230426824,20181.52851377762,26743.8969713858
beta-Alanyl-L-lysine,86324.61835077002,100863.42444407886,81230.44761628709,77918.53999361875,90720.48788036568,78567.2028274862,84221.3467397915,103857.4079237521,0.0,84675.47038667397,88931.75557754518,98111.4921664037,81960.06196326458,71422.77842229074,79284.58126780871,0.0,119064.27232249186,0.0,76099.98210680972,97361.1708733293,98146.44871630053,98782.3873412107,120061.55369322204,108543.45946094568,111998.6087641983,83488.52029681292,88553.72172306475,93097.37464182486,104861.41433952296,92394.84023108934
D-Asparagine,17664.874824292405,18484.972566304357,16796.572117763368,20935.84248884231,15324.283349404112,17570.241379274485,14008.986949169384,15884.0075741312,18002.732742841494,20212.38087063766,16468.09589887456,19322.88044335149,20731.80381298961,15836.90513313112,19199.48024742082,19839.72706391294,15383.3611224164,17764.12499274933,12032.325393135305,11806.495500975994,13195.055061419176,16558.374809663474,17533.375379180536,12064.011310620615,15249.848348719242,15418.541292009486,13063.2738982553,15017.978775420355,18374.91586884406,15786.687914442737
Thiocysteine,0.0,0.0,8722.40202579603,7860.815747623186,0.0,6847.85981302816,9655.166553071853,10510.790456030409,6645.153538492485,0.0,7959.356911338027,6578.650859066857,8701.341912091477,6623.437026270452,11343.912398764622,10716.395777430947,8891.983452251392,7426.507749323577,0.0,7518.600762842963,0.0,5940.479848479301,0.0,10080.32777085391,9967.430101401123,8752.486487934528,7962.393228604254,6397.917319901982,7293.735892173813,7404.088816170295
GDP-alpha-D-glucose,0.0,45714.37379650492,0.0,0.0,0.0,0.0,56275.83386906836,0.0,0.0,0.0,0.0,0.0,0.0,0.0,0.0,0.0,64060.778009826965,63259.22765570753,49078.86737843286,0.0,0.0,0.0,64297.33780691332,69380.15856541447,46626.86809239193,48146.05794849807,57563.96018354917,46466.85122424346,47350.81434833486,58790.83976525816
Galloyl glucose,1367.294722522181,1521.977817564609,1716.9016337728017,1203.7537258109307,1419.4012086126222,1151.4816423573293,1598.6749782215952,1348.2305567333317,1414.3527494612745,0.0,1098.0586107547615,1450.3625701501585,1162.0677805271912,1481.6185965738862,1036.033240925782,1280.3864843986298,1284.7400671884136,1648.6366614921192,0.0,1145.9228443452005,1236.9190442414963,1616.1213612477638,1306.653679821732,0.0,1275.0148587622357,1567.5095613442895,1614.4604377677394,1920.091023172992,1243.6649989159391,1244.7672422239525
L-Leucine,13984.169544015116,12886.02049162762,10769.504440685429,15676.890151696198,0.0,10976.377426800913,12712.714499771644,16265.94711157851,9845.861228051646,13957.014483881014,14059.294195198134,12466.21599133916,14367.379475283082,14633.57078942651,10997.81958653616,15969.835436015765,13233.025018986677,17141.296699737995,11063.197920550483,12700.144289027729,12149.89509825818,12493.409162371016,19001.81306075242,12802.321331019815,13636.364711711378,13381.495755017026,12644.477715765492,12394.84685946734,15126.94334009895,12191.976391881391
CDP-ethanolamine,248002.7862018347,258012.09851792292,226060.7101930287,0.0,208029.96286115955,229015.94563680573,182559.5174196622,205199.6690092261,243249.7164630167,289148.36494184635,253304.6853476373,250641.10712611763,262564.72100114555,207341.04656197308,224477.7557762196,219978.05552050847,180156.44200815712,190456.8480243145,247858.8783655957,279509.24762997706,246726.25793999183,198145.9788609,271633.86064348195,216913.9431138805,191379.1676822674,257804.3600205053,260270.64695238305,308055.37923996017,220830.32754208212,285198.15304923704
N-Carbamoylsarcosine,22004.100216187864,24556.97355617137,28922.82965741996,24090.13197725816,25855.138641979374,27420.545185166204,27167.693017306257,20760.80856702333,0.0,22185.82175333327,20537.212860961077,22812.527547690497,29960.80451489521,20650.36256155206,25806.12713756003,0.0,31889.51554962888,18293.981234258325,0.0,18114.10200102453,21901.98369401221,23937.466744884336,18395.482640490078,16565.88716371695,20891.420297264194,26915.392634616903,16889.507461350386,19681.8361124657,26182.640823143232,21844.380857728356
Glycocholic acid,31797.792525685694,25544.877670438724,32894.0320151431,32978.322157987255,35800.81379724891,0.0,30984.70250139059,34711.07607174943,26027.699048827555,29373.434435627645,35022.499610597086,23846.257217825656,26053.04727805311,28405.714159199284,34145.906498673576,33510.02017359468,26725.07020287348,32153.803414708407,37951.54437675853,38097.1570551972,24020.02157284038,29411.058372100644,36376.65743320325,37456.20775466414,29713.20113795493,29989.346475819995,35564.60592371835,40104.40652938186,29322.280704475343,25161.985310496668
Allysine,0.0,0.0,5930.607599561236,0.0,0.0,7507.812878843611,0.0,8794.128577168716,8468.488041372357,0.0,0.0,0.0,0.0,10195.381738814454,0.0,0.0,7586.952403528733,0.0,0.0,6960.395236724061,0.0,8327.246650619045,7797.609207131369,10201.168477023144,7979.494852625579,7739.602033973287,7350.126433122061,8205.43921992062,7975.88060137152,8202.814299282498
Uridine 5'-monophosphate,21010.29671019805,21258.037560196903,23014.1336598796,0.0,26791.53969246183,0.0,40713.81813550597,37720.35259421764,35246.53839141268,32949.067319086,33444.24443371764,35627.878695527375,63207.927419997,59113.2141353797,41318.30489127041,55316.92549583726,45646.23534416092,48964.9214330902,74268.13174571827,59427.162307715385,0.0,70283.6646312796,58952.812601698686,53676.70081072232,22324.76268988233,21191.305455132,18427.989024897397,27010.040258507423,29238.523380096674,24763.977555518813
S-Adenosylhomocysteine,15908.127010213588,23395.95649878881,18781.706834392167,17224.29414333193,16375.924360935547,20774.267960833586,22740.70321156812,18473.42635597222,24714.107772840045,15407.23290694616,15591.553602432405,0.0,23492.92735901237,18631.11218978903,17753.44111710062,20411.64212533957,20807.71180199471,16847.601805555558,4156.5756061312495,4544.520400496633,5360.201427037179,4230.8158116474,5256.289714029605,5109.654635643539,22739.29670686198,18583.19168423369,21021.672183984567,18058.505287604134,16707.107684122395,18649.758684423818
Adenylosuccinate,0.0,0.0,0.0,142539.68361331237,147096.12360352333,0.0,214661.93260563165,211063.54355115924,223656.0065310056,212639.90365524456,0.0,227961.35957058365,0.0,0.0,380256.0144368118,0.0,264113.3840327006,261009.91933588832,271716.0377007892,0.0,0.0,0.0,0.0,268192.4471467732,110419.67168435012,139957.54033067485,199005.4563777872,146758.5200462704,138273.72576802588,131054.34409545558
Lithocholic acid,7974.700441617683,7613.871877961668,9535.297394771222,8969.85116502539,8948.295293786934,9204.55682470448,6181.726461746115,7505.353687777592,9305.444278225828,0.0,6845.583903051247,7686.679874849431,7511.805171317436,9182.33300500596,8666.962473479889,0.0,7513.160064659702,9235.074734469112,8001.67568103568,7787.875973130566,8029.487270748402,7269.300616333071,9054.754607167675,9120.621178282783,6893.378603574418,9323.810441773265,8623.19166450704,8318.22964426513,8315.802951051091,7436.9559338965055
Tiglylcarnitine,0.0,1159.1738615435502,0.0,1411.882819637853,1227.2104440650087,1378.919251754452,0.0,629.8055210971936,632.6250835653559,0.0,694.9858527037387,0.0,168.41141593156848,0.0,0.0,0.0,202.24285270801272,0.0,0.0,0.0,0.0,0.0,0.0,236.19463531879492,1740.16541103476,1370.4985699710503,1159.9316632521006,1619.458373172069,1698.524429846741,1133.2031400836256
Alanylalanine,25873.94564331447,0.0,0.0,27030.780914142004,40307.53280677131,30311.35342122416,29703.391857254555,40307.61484293114,0.0,36699.69374263893,0.0,31592.652788322102,24296.844359205057,29896.298869330807,0.0,36154.4486350737,33231.37278545665,36817.87511794447,40007.32420407037,30490.109745650803,42279.36992819388,29736.60477967712,25249.83356244526,0.0,31221.749506354077,32640.80721142471,35096.592132360405,34297.09383449603,25153.008335888982,32842.50922940995
Sulfolithocholylglycine,84094.2769142015,110353.04312596878,108465.8891167233,126181.76089663952,84781.21332955483,138158.7678978293,113395.98674460468,85194.88858068892,104075.31227537592,114820.9868209178,124797.63258511262,115141.73052755624,0.0,140643.6134212909,102829.6176710294,80313.67397800768,0.0,121579.1597456638,107401.77877618156,101434.35828612448,93746.6241556276,107325.6959345241,100173.83215574206,86677.78020831301,93678.92748737482,104072.702202088,122371.93195725106,119212.74562714262,116473.19271695324,110706.37747792355
L-Kynurenine,10708.05470849617,12715.904433560185,9992.140457222902,9432.389848745484,10567.73442309264,0.0,9647.190595874506,10094.235766141748,0.0,11731.9045075228,12264.165184730766,10687.229779140764,14638.787704483811,11753.194391904264,13000.16555632119,10918.302430130125,9847.96327484441,10616.729997282077,10798.24509622136,11639.811973884836,8855.984064883523,9179.928411222583,13508.32357300445,10413.919089036062,10002.304182856766,8636.199207681217,13629.899513644534,11907.25412141451,10827.019844361224,11328.263957833564
Ascorbic acid,5064.668079381262,3698.4693169894927,2876.9405678399294,3381.23592010759,3930.382649823267,3798.418204945797,0.0,3754.574111241949,3431.0493142852265,3266.4665955747337,3442.6195190722183,3503.1615957217814,3155.816242813019,3179.517996507549,3998.29868313016,3494.563469623021,3793.448243196034,0.0,2462.3701948276253,4118.841885902726,3416.38848755291,3381.370772384724,3813.7026726040017,3146.030156322506,3508.172752215334,3427.353176473707,3815.474838522215,2874.7095804957025,3182.2399801204474,4185.884093841903
Allochenodeoxycholic acid,12405.578395871074,5931.027066389498,5211.028500286878,10164.495652075451,7098.938088472787,7161.596767781726,8019.220709584653,8651.21885420645,6544.008312469408,6005.25401108808,6031.819823599042,0.0,0.0,7024.667655150655,7239.303509461792,8002.978910732482,7670.261610781818,6308.848142118802,7989.020478419789,6249.858703337506,8522.299603022115,9227.783427478978,10878.755740722889,8722.812701202554,9409.547140633716,8594.23082239015,8634.289893521467,8481.636326990452,6784.259321946155,6824.736316342743
Isonicotinylglycine,27191.82352807844,30914.700403549003,37415.98250459709,49314.73255002398,38109.56004204955,36794.48901430545,34969.82114358937,41306.01724357071,33986.48988762598,32133.655709649072,32790.95275195644,29420.96512601305,33420.42718003774,36600.97684546276,36018.93078958381,0.0,31780.723007627897,0.0,36262.14289142743,31812.916507289185,29650.635125421315,35393.70067855863,0.0,35201.39856539888,41516.62909278119,33605.83879322522,40226.56237003149,44090.45815234694,32273.511277731133,32018.046968264607
Glutaric acid,0.0,10070.929523062066,0.0,0.0,12496.466763552156,15185.869134191533,15223.02447598755,14137.273338052057,0.0,20030.35827427391,0.0,18921.05659804036,25821.041551924813,25449.177078607107,0.0,21917.06830192102,19041.44186715317,24366.501252099533,29827.21022456081,24707.424341662616,29075.11357016984,24458.68539617466,26246.53442575417,36060.53737545831,11245.694545517796,12182.449452031964,13484.866517307775,11151.931937973884,14202.43752056792,10051.278706897609
Cholic acid,0.0,25379.375326783724,0.0,28831.369124992754,0.0,24364.430487780868,27588.094403733037,24511.653393944005,0.0,21169.624062010724,0.0,21191.700816410405,25748.742750681944,20011.81935089288,22120.986808625486,0.0,20408.06228006672,0.0,18839.054265055634,23535.706894939325,21011.726513430996,23410.05431648444,0.0,0.0,22687.209450383893,25307.21188201856,29055.47471051384,20032.504832820912,19189.165425407537,25923.1928466536
"N,N-dihydroxy-L-tyrosine",2196.475180297001,2839.159956975264,1699.465955846359,1700.8208231880017,2459.6888728705294,2079.1520607295806,3358.3838790197465,0.0,3002.4318439092062,3437.5156297068,0.0,3316.5439463510047,0.0,4081.3765791859537,4565.708387431763,4774.258396860399,4154.806255964096,3520.1025682413538,0.0,7640.240253180484,8385.253454139589,5932.411048762325,5124.122989287001,6270.781744694013,2625.548399484367,2064.1946880782853,2203.807160115512,1865.673358682046,2455.599941362978,2079.1767187322166
Adenosine diphosphate ribose,0.0,14724.45479765394,13584.521071815734,15386.40879420377,12648.22151151578,14059.877819413332,13181.951308064248,11907.168144390418,11396.922578164638,13341.483195225006,12192.923326380522,12063.32201332715,14193.178155984931,10531.09692988769,14272.56154426305,12124.732025841018,19021.3657270344,15457.30373149588,14904.138665554196,13222.990978810383,0.0,12870.61994832658,13760.652882340662,15158.645725370685,13489.20840077478,12479.43918973951,12301.979019095255,13192.260670874182,11319.414078673584,12595.159944692612
Tetrahydrofolic acid,58435.76455973238,45888.81021205834,53031.46458561459,43857.90676385024,64608.151485391456,45796.22225165656,47013.98848533946,44568.14723093346,40713.05309618178,63821.84641104318,39584.35454127855,61849.26014021548,45809.09911264454,48434.08402713016,60182.30864583956,50135.95316521228,38270.91640392478,49509.18630890666,53153.6030601888,42622.20278567302,43181.00092591942,0.0,41012.23800811898,42069.27128737255,56640.50659369538,44056.300085415605,63306.87510020727,49302.86604218688,52871.96312795552,42804.35682748772
D-Ribose,0.0,0.0,15741.709299926268,0.0,0.0,0.0,17232.504864165625,15059.84484659289,0.0,0.0,16518.883353831377,0.0,0.0,0.0,0.0,17476.021284012673,0.0,0.0,0.0,0.0,0.0,4369.363539735776,3653.6297995085233,0.0,15421.622584463425,15893.85169153454,13642.57658362908,18209.07234248998,17020.523173557798,19078.04968092712
N-Acetyl-beta-alanine,9660.673758750025,0.0,6427.042434457147,8539.171834465742,9581.897746035556,10350.337646353988,8770.992201602456,7976.750879873266,6072.42047317485,9339.893896596916,8298.552833789663,6155.119781765911,6610.544105446368,0.0,0.0,6751.495878296176,8048.426440876259,8262.290987638911,8335.7591626214,8050.15448894511,7304.164660081568,8920.843918323222,6913.516374091681,7554.307212211871,6711.692377111845,9460.144597355014,6591.3701964719385,9432.329980266328,9203.942692802751,8826.369108651807
L-Homocystine,64035.2090893022,64962.02803621081,57401.07598941503,45868.734546598906,70360.72048845736,72570.32526245662,64754.46131029558,60594.02162457979,46874.65205025055,73409.80816853177,54768.67659175527,64174.18901995772,57176.15876710511,56197.72752769781,75922.35375673877,59267.18022999576,65643.78061854542,68567.6420059767,51322.18610205939,58210.56584333513,0.0,59449.35415632527,57767.262335468266,53369.97905152651,59443.24545603382,59227.82744584704,66526.3465018408,75787.43444157056,78585.76361405507,102717.44328220202
Undecanoic acid,0.0,0.0,72731.90364986625,75644.57518723035,0.0,52451.42405313268,67824.01676087193,59998.62236658477,0.0,0.0,63999.6358207834,0.0,0.0,0.0,59115.923098083855,79935.9836568423,46364.211263157966,0.0,0.0,60406.620181056576,65707.4421512305,0.0,0.0,0.0,58133.83224991096,55298.38865790207,66825.75215883326,53191.51203196901,56060.85550706053,58609.69451759385
Indoleacetic acid,13835.234979701989,15312.227191425936,11150.114728349949,13280.485244549222,0.0,15926.526088980108,12224.14668566455,15596.16164262662,13720.299496027625,15787.811929920385,13767.52030776912,15640.422859017455,15322.37572511425,13117.593395271197,13691.16101409446,13664.89893322382,16968.366584244028,18038.98257649999,0.0,14319.4589546874,12438.469479500563,12138.472136763792,13959.621629327696,0.0,10581.436484936552,15973.73503698381,15623.119847661195,14887.707837215134,13100.242045674917,13010.309623089095
Fructose 6-phosphate,0.0,6800.628891970307,10876.222787116712,13417.75577150969,11014.30572678867,0.0,14560.517741684254,18295.046150132872,12333.884636847795,12887.444130416588,15416.345197994004,16195.945823662389,19061.12743708588,15126.1971486621,17105.88781692913,16677.04930132158,15387.405592568624,14498.85857964331,21059.99644870993,19933.00191765236,20722.194820593428,18127.94526295781,22997.37115476604,0.0,8913.174370999943,9767.361346887192,9607.542979158769,12841.40298707384,11010.252214248096,11813.143704156431
ADP-glucose,91081.25800155631,0.0,84253.0367921058,53920.58230455692,79225.02619329716,82640.5233014301,69155.64475382904,91059.40968340408,76504.603644646,74914.97599129177,109492.02779533752,75594.01375059347,86905.55892846291,110966.504020335,91223.53500957334,69690.9291145489,61935.36805155344,0.0,84586.97951915611,84699.57148911906,74559.1387898895,0.0,77313.77655705574,78031.02744185866,97889.94600258816,72176.28017726852,67501.24545407853,82744.51456886563,107435.30858543828,69859.51001095284
Palmitoleic acid,12386.345797586811,11901.560673686245,13580.125057347786,12473.824229129235,13394.241323659631,11209.345804789022,12432.437816427337,9889.36577193108,9297.37833235768,12005.551105626058,13161.387744729598,0.0,15351.495775597316,12272.87334722536,0.0,13807.155480600522,13124.283252232966,10914.475555605104,10669.959520266735,20363.13948589629,15004.560236371202,12121.830162382656,14167.628451475272,13218.065188757218,16736.469524169508,13143.35585265641,13423.982496307412,16969.366367060233,10361.73478385791,15405.36154071859
Guanosine monophosphate,14805.402504278609,0.0,0.0,0.0,18365.40512453204,19654.235557514075,19024.29066802572,17770.381394873308,13714.42552093812,0.0,0.0,19031.992690728457,16008.505773199911,21295.5553101888,15416.20556827896,18099.235010394503,0.0,19948.10919254853,18240.28794583222,20286.79457744249,18220.377154256774,15782.606874318031,0.0,18335.931477002603,19714.280583952885,18550.684401354167,16004.3613738284,21443.992557389003,16955.816390967186,20675.987056025435
Dihydroxyfumaric acid,136322.18476433522,140181.0196065167,119543.49945547283,96012.942293525,138811.6856538998,128404.90355909451,113845.38643186564,126364.0649994124,175327.16738076677,146265.8494127235,143307.28455411948,138902.36803964904,129408.98423340484,126733.05340505613,133587.9898965008,0.0,140368.2888879327,133351.36389428398,131731.02320889116,118826.28279585535,158750.0288475071,155716.68596306705,153611.3979125416,139081.9646193947,125873.37044290014,123029.88202382566,147378.9482542297,160327.6416861311,129260.18034627312,109889.86126042712
Inosinic acid,28427.410352963125,27790.07045538727,0.0,0.0,26183.26556334262,0.0,0.0,25314.68870590965,0.0,26844.437718134493,0.0,23761.627965343498,26156.318481111557,31368.181284869705,31945.209079880853,25580.48151213824,21671.98784892441,21728.51922669566,25311.52609163917,0.0,0.0,29672.828955994963,0.0,25081.669374803107,25251.883147076234,32535.86799275006,30903.09357227368,27026.334338359982,27390.630024357702,25497.132866001084
Sphingosine,12807.240200377892,10347.92578605726,11310.393891086122,14572.796196173931,10397.279422144711,15735.541890683722,0.0,14671.06936870313,13895.834918539884,15502.80794848552,11102.022635564912,16490.615742226637,12270.625271685847,13508.284782648903,12484.03631571771,12041.071304753024,10532.867954426036,12554.715700901244,13611.983273682268,11945.452420428734,12171.145597195404,14011.158409470454,10900.830780319991,12802.267833896374,16331.303041291105,11873.30397565497,17564.55501558853,10859.42430929181,9842.664813889916,14404.618018672842
3-Hydroxybutyric acid,3183.239528780052,0.0,0.0,0.0,0.0,3907.890810724667,0.0,0.0,0.0,0.0,0.0,0.0,2818.7242034364244,0.0,0.0,2651.4182266196567,2846.3145450819457,0.0,0.0,0.0,0.0,2902.4328952668084,0.0,0.0,2943.5257406892524,3593.103910598862,3559.9956180440745,3351.044442476931,3525.878814553541,2965.8088147756466
Mesoxalic acid,0.0,30548.18656885976,21755.50156473107,25327.274864741128,23693.54298625294,18305.15336184212,28671.685070888245,19908.11647714424,31922.44428135716,17480.831239564395,23270.19262975177,28027.370876068333,24659.50395152588,22983.903720112587,25817.56763276679,25257.958112821823,18749.603913700736,14889.232975127768,24281.87895354401,0.0,22357.59007649568,25249.886224217014,28880.87092319883,25836.696315416517,19106.43480330213,23411.298160072038,24277.65855332337,22735.550186346805,19362.71268989182,26010.60182449101
Glutamic acid-betaxanthin,18511.130570621564,18950.290683925465,21468.94142111001,22985.834336128624,18895.14711623073,21306.569633796506,11784.47902649615,13094.8995741518,9900.53129398052,9486.651763377458,10282.27260777542,11397.181122527758,2956.68168892072,2514.581206188899,3525.052539447307,2369.359957369752,2449.0420882554604,2576.2408933470724,3398.7983744841304,2583.7572371280894,2948.8043084793617,2358.8900309343667,3052.390414875142,2517.81441271596,23938.906419502197,23531.449186870912,26404.178918952945,19536.96062392139,17437.246902518407,16503.2245445178
Indoleacetaldehyde,15652.68060564264,13010.94681804489,10149.304168181045,11133.36570338524,12435.664587563047,11071.428669830782,19997.430565751787,19962.367934298312,12643.485366053095,20338.857219557405,18175.621155600133,14159.427537049034,19744.270278436576,16575.03378803504,20453.233860309632,0.0,18902.617539048893,19310.90364851889,22451.885002541163,27589.70745199516,19154.7787856363,28026.386078904823,25497.266098509463,23076.44313972896,9670.36068365133,7821.280400891371,14367.360908041392,9325.761421231253,12792.561595657296,10114.449376448852
Oxalic acid,57624.23777253042,44277.76543027844,59267.31985064045,45842.09790781303,61923.33512008297,58546.83362517497,10925.186263169362,14653.578657143424,25749.521346397018,19430.012013316893,0.0,15938.206915400857,6826.728331004957,0.0,7831.613949070652,7445.724458871036,0.0,6893.889727916262,0.0,6575.7524015689305,7158.307946892802,8835.37624897083,0.0,10001.655955937878,57158.18602924892,60380.75718085778,44344.94153414336,62993.72576046662,59979.80052780245,52923.307977183045
gamma-Butyrobetaine,0.0,6295.840638453559,0.0,0.0,0.0,0.0,0.0,6624.531596692053,0.0,4992.747170007957,0.0,0.0,0.0,0.0,0.0,0.0,0.0,0.0,0.0,0.0,6313.280462107311,0.0,0.0,6014.861596988892,4659.514106570608,4914.074470429502,5861.713011034248,6363.996192116474,5748.288815764931,7405.562528892024
L-Histidine trimethylbetaine,4175.364394907739,0.0,4400.903723166147,3855.395690907966,4766.162858200584,4303.528788760894,5246.507268594061,3640.4967345801774,4206.972332025445,3512.4653631973965,3694.739965944564,4226.232797846572,3949.192214058827,5237.07404651415,5488.300942889511,4033.9464600753854,4397.2510677759465,4556.139171162062,4586.151546941801,4289.96529344488,5728.072818883152,4234.340858484749,4941.630206316105,4100.973183156915,4734.700638823484,5202.386317590544,4386.06809368127,5406.950365330354,4334.215463746373,4646.887589086175
Indole,0.0,0.0,0.0,8844.421180373278,0.0,0.0,0.0,8317.580252791211,0.0,0.0,0.0,0.0,0.0,8163.449206384414,0.0,0.0,9690.750222076327,0.0,0.0,0.0,0.0,9660.216770388011,0.0,9182.25972382124,11373.62628642698,10440.444642485658,8520.784057322515,9008.8635828659,8536.280784521983,10789.348131325183
Phosphorylcholine,26482.360212393847,25241.41601954659,19316.12539163999,21796.05330533648,18044.506659582712,22107.029212202677,22770.57214347136,15037.184044320593,19669.689454850923,19016.386761115413,18385.46069758325,18284.58761177158,29015.405089804608,21289.539030466483,19289.510410644656,18548.096924628517,0.0,18270.39492814696,20882.015813314785,17179.917035897066,19312.55172007043,22988.88535431461,23494.15016743793,15275.857112910722,22901.367496188366,18694.926303656797,24604.42964281843,17663.10405850773,19769.691578514758,21105.184679361377
D-Pantothenoyl-L-cysteine,5386.043191797146,0.0,4221.3837752409845,0.0,5598.973328891464,4334.802004173161,2452.81129124566,2077.3942058420766,1598.6321759041325,2159.255744746565,0.0,0.0,0.0,801.9275553814238,0.0,637.0109166028594,650.3278309456133,661.7945488796482,0.0,0.0,0.0,978.6128130761822,793.5086610445923,668.3715805872328,4908.048992066067,4754.724213989524,3938.1971653726023,5005.013126222931,3997.8417567758656,4914.73879281875
Metyrosine,6288.976817852732,5218.539986331966,7359.6855440241825,7110.967469476084,7721.139415307028,5829.291231619234,6444.4410174874565,7098.072095859579,9182.575738071811,6602.080737872247,6144.630455317122,5837.736487736197,8080.248925366385,7836.648567961874,6328.649514713187,6922.938535410671,8345.732646288448,7173.269850968588,5918.328986856338,6315.837000085912,6842.537174529673,8807.851151871411,5166.649224622424,7089.173723785832,6640.335777172532,8873.640335260632,7369.590564118717,6496.628331261654,6530.4421876064325,6475.026413061337
Dihomo-alpha-linolenic acid,9773.96521912043,10096.302253925076,7935.904138686285,8425.112467962828,9642.310513973693,9415.815215365965,8602.089040798126,6827.806622195692,8038.119990556124,8653.041921449023,8560.983222571667,10795.06462713219,8554.463584557934,8442.173157148147,10325.209559130122,10256.95177117413,7555.696691000321,10705.044081735208,10411.543726447908,8321.719598908476,7603.170784514383,10210.004824286138,8850.902235483642,8273.06281585745,8708.066192599405,7419.56566038938,9443.568140723955,10265.862731556466,9460.619033479945,9657.29089399486
Citronellyl formate,19008.771702680857,21256.418815537058,23305.75251684529,16419.68517777619,16468.30144526404,20546.477521372075,19435.14604767039,17463.590010462696,22951.44261091973,21043.10973518976,18540.99879927798,24413.53900049594,17427.73417760936,14951.06214492414,0.0,18485.76813924196,20481.259993328946,21753.598118040656,18202.985659553007,22157.43198315959,21675.73890420249,17966.12529574811,26196.46958139257,25437.608377130084,19742.327752934405,22766.693314359374,19263.98122122364,19830.437366171183,18809.675669949167,21137.632706302877
Methylselenopyruvate,8343.949673572057,10989.249418719077,10330.093766709744,11611.624172815636,12029.13690953485,10609.632537837828,10650.910194973509,9306.877064882416,8204.241797856486,10681.972411351942,11890.467330843823,11373.12700870103,9758.317417769267,8829.75113686131,10054.870652112691,0.0,9796.526541574924,0.0,10876.802425990176,8553.392450072859,9093.76644703257,9832.064692280032,13554.758624683214,10757.224158785208,11904.006640514235,9234.405260066507,8675.598746083147,9900.376334706196,10860.567913170556,10792.015479684163
D-Glucose,0.0,0.0,58944.99097492003,0.0,0.0,0.0,0.0,0.0,0.0,0.0,0.0,59435.87432484974,0.0,0.0,56999.309897978834,0.0,0.0,0.0,0.0,50993.19616593527,0.0,0.0,0.0,0.0,50792.48340083433,72321.53824116667,58066.56684906683,51771.33143302954,58654.82062033438,56467.85384707111
Arachidonic acid,0.0,2045.402628401184,0.0,3049.5608547144084,2399.7257207922867,0.0,0.0,0.0,0.0,0.0,0.0,0.0,0.0,2238.028418967413,2112.315048948807,0.0,0.0,0.0,0.0,2081.9610189466725,1909.0457229616325,2021.1409510576648,0.0,2270.6144625129104,2199.072800810433,2092.5698635194863,2428.6457307305664,2417.4042301235995,1818.927475808936,3193.329010660525
Isocitric acid,35531.94908883297,0.0,31723.369566154288,31168.883877390188,36285.19851174764,29284.177317217345,27884.144563656333,0.0,24308.66859568217,18513.02588778272,30101.396380594622,34371.74903791378,22674.957561392595,26249.805733438337,27213.80594114118,32358.46612924198,35340.76339145961,0.0,29622.887805287763,31520.447588440016,34517.70564123067,32737.017601236577,28162.669298080305,23631.121403957062,40102.35498734441,22150.16997070615,39220.63422821333,30376.031190316404,33341.63421927884,32623.360951127564
Cytidine monophosphate,0.0,0.0,0.0,0.0,8576.578114170703,0.0,0.0,0.0,0.0,14334.846409423057,12132.566593250383,0.0,0.0,10210.809764839234,0.0,0.0,0.0,0.0,0.0,0.0,0.0,0.0,0.0,0.0,12587.068895389972,9538.00649910352,10844.314385822168,13554.858716339637,9698.642413554076,10738.027126909015
Selenohomocysteine,33933.175939276254,23443.55144592881,32628.80679729214,32852.93012991644,24452.24652771652,33189.51556663754,24654.07624410086,39890.48568349968,32481.166838685825,26539.82114927877,23677.46839404504,42216.83915718942,32275.86575094808,41545.9228603702,24913.20153096043,33469.0088190227,34562.188656157094,0.0,26332.482759676903,32404.623581976928,30576.881234085096,38581.1676672178,30046.9005927611,31730.65030385376,32594.547983723354,40030.65031022627,35167.534920474856,35522.09355923792,26429.18597832049,43544.7223010677
muco-Inositol,118194.2419271945,147496.95276035197,118389.20532788512,169376.4838834349,127658.49722169724,115119.5617592234,136919.24236865624,0.0,158465.94781352824,104448.1275165938,112366.33151892808,145687.9068540302,179435.6664569437,160389.27389746954,118920.37830548314,111719.6282159575,131403.49545374172,125662.94568668204,50382.7396072124,47289.7632103762,34094.30893951787,41797.9274532839,40300.32902133492,39612.5364579164,172103.46178330443,151671.91251175775,169610.19348869054,139244.4721343026,179771.22937916627,100746.09412737576
L-Alanine,15317.984035646372,16523.75786966434,16904.549921964903,17631.02702840443,20095.005238055743,19564.117211761302,21364.435263190127,18075.61845811961,17173.4267600461,16222.3736984335,20879.08620526507,21434.175676839044,21158.08873877304,14870.065827940683,19563.116670802123,20000.268416442726,20629.727335129814,17934.420359862474,22480.397503955344,20812.146312792946,0.0,16557.171773928836,12170.505728189397,22450.5961048739,18542.625304156576,19940.630811180323,20133.925496342235,18770.40366791104,19494.523424554503,16962.232376951986
Oleic acid,30026.905065241128,32497.86416348861,27712.61535882678,21940.436936325747,18028.496760539205,29159.837659658948,36526.50192424948,0.0,39519.42950075412,44901.14594797254,41382.42615566608,41752.89783816454,70627.52831730695,53682.086059761554,0.0,56456.21954598508,0.0,57103.61960248799,0.0,69239.59294607176,71198.56218622797,58522.0310033101,0.0,0.0,18609.90366738764,28011.354132541157,25502.823587739847,28711.15699833109,18065.52149411814,27658.41319012973
UDP-alpha-D-galactose,56634.59984687925,44100.22059046219,0.0,41990.49799419366,52998.012053603765,67133.49624724958,45779.72736362567,52149.75743636443,44580.52420992337,39365.74814222387,45893.71620134148,0.0,42733.9671905306,0.0,49781.9878552995,52192.55954984312,44527.244886406894,69030.76683597402,40630.06855141533,35276.74517520763,43898.9987933224,44175.44688216749,38823.095289396544,60314.15939056358,49126.6281944353,53036.20038457932,35908.15499722763,59535.64909073256,36603.5795340955,50216.567014092536
L-Targinine,4624.63947690122,0.0,5439.279589569702,0.0,5166.217927116095,4788.163685963774,0.0,4528.040878949405,0.0,0.0,0.0,0.0,0.0,5922.783841671894,4810.178731406683,0.0,0.0,4532.367961120783,4221.796585418046,5196.031390897677,0.0,0.0,0.0,0.0,5300.99435450383,4579.854119565371,6422.293100414168,5202.307747802854,5755.993292622799,4893.505149863246
CDP-choline,0.0,40716.25671738404,0.0,43255.50323050647,0.0,39150.13814867687,0.0,48370.91744171288,67004.33187162335,53118.5454795781,60681.562027199136,64797.807551227175,0.0,79962.19722024976,88204.2846261797,0.0,79345.72064519285,80037.13648464081,116133.16768156026,0.0,117989.6705086003,98425.3867497058,65707.429001981,69440.79407044478,33243.63158472112,39710.30731320938,29600.00413927615,41093.554833352624,48697.90917995524,33979.684089000024
Deoxyadenosine monophosphate,0.0,0.0,0.0,0.0,0.0,0.0,0.0,0.0,0.0,56002.18760366513,0.0,47942.93394996801,0.0,43920.18230606546,0.0,0.0,0.0,0.0,0.0,0.0,49386.91557978271,0.0,0.0,0.0,42000.55496743093,46332.75624750789,36778.76690765366,44301.322244218965,34502.77174956419,64493.57706759244
Nicotinuric acid,21038.615202004683,0.0,19709.39358034267,20045.205760156598,15355.614465242626,19848.4915891414,16185.703539927285,15414.116520289774,15946.388859851158,22925.420887323187,18568.434669902425,21315.82222855369,0.0,16506.49842663979,14159.280219747312,15952.222844098404,17079.296228785424,16408.936551479976,15392.74448495246,15650.140237314708,15479.468000245217,17332.286701436882,21259.303734876292,17894.493036270087,17778.581902511396,16593.20926914217,18794.64208933322,19276.526879445675,16919.713764962726,17706.712475383163
Dihydrouracil,45828.47553262604,40229.5067632466,38872.19211760372,41034.72062043442,42653.37444152483,38730.55390917407,0.0,37935.23537041579,45292.11339684848,40211.05449410316,29486.92755042385,43787.53497813689,36985.46911502237,35415.465146986,0.0,0.0,36773.49379338363,31134.860897975614,29289.2146159424,35598.80993208257,35319.19596448251,30707.81685462612,47380.09879154607,35336.84709046762,44404.012934554165,29820.00252019715,36716.41005143164,40046.61980917443,37032.37562045689,36416.94967837095
B-OH-butyrate,36002.80748501797,28407.44416447777,30614.01531282547,20697.1605039374,26019.79996876398,21030.957374508584,26299.76950155205,16378.018170643783,21362.528411128333,20621.60400371419,17586.401418696045,20023.448747146394,25308.628427068088,25502.990529075843,26699.85034679314,21277.56764054808,22259.56289056428,28414.048673011537,17951.39050120414,24463.836321976203,23160.69176486465,0.0,22667.876327457,20311.758765117276,23441.43222289811,20114.88103153346,25335.60112118196,25323.99812141135,19830.812063772388,19505.91990188961
betaine aldehyde hydrate,9946.008903646754,9154.95043129152,10673.154679870717,10374.02255471006,11043.099748479057,10099.38387754239,9727.75463298343,8748.363278396242,9977.068982765391,10148.615680105971,6935.716555592806,0.0,10983.716311898708,10867.995449947892,12439.093136716583,7263.142229845724,9965.171175379452,9395.51261048864,10437.751929655244,9413.923159499973,10048.826449786831,8827.445314921748,9558.501634874292,11237.301991445647,6958.658888463496,9284.298237941068,7190.818478913218,10656.292958728263,7446.433773496669,10752.656445623568
ADP-alpha-D-glucose,6441.1407723878165,4853.670345898652,4518.774285704915,5701.909506991689,5272.121712237615,6241.601266173013,5402.32582253091,5318.372931760043,5220.190075252245,4880.734939232453,5284.175525410589,4185.660720402743,5286.531397938182,7791.328652168314,4491.374287983317,4752.463940603247,4789.865894235144,6169.354442877878,6711.524286979557,6340.919392782989,3965.217240585117,5932.323520650248,6257.811886537702,0.0,5085.812469629833,5165.602309934441,6098.542879901885,5802.533110993211,5481.663383077436,4143.860118431885
Hyodeoxycholic acid,58269.4603273188,0.0,46314.98089718369,53462.62999457497,57409.7141978298,37804.75008624716,56816.68587742266,56357.29847733837,64472.2152505181,57142.41648958496,0.0,0.0,53270.215960958034,46694.44564556725,46270.12818902823,52491.40067274418,48663.23681959511,50636.78824201358,55548.389482276165,50276.49138316389,60502.250760022805,54742.57821674296,62785.75321148334,37773.34891394302,59109.89177201901,69903.52124436117,47021.07145102968,43295.419095374265,56635.58770012094,48929.91846138173
Ureidopropionic acid,130254.41660758705,84887.60788256512,123352.29896769307,116845.1514559671,136621.37426383488,108318.38671474865,99918.2696900224,125798.77807411295,114765.17776598946,110118.85777452214,120917.11890099492,140960.2631141516,149723.98236538057,137320.4136417217,113353.99525878768,0.0,139996.76852793363,103364.05996540042,102445.4709870961,0.0,105286.61450567012,0.0,83038.7031805123,97703.5819666206,107191.66201823617,135188.08285605867,116427.12823902888,134069.8512777347,133428.716671981,130045.83432218252
Se-Adenosylselenomethionine,7671.64571510192,10061.245998154403,0.0,10703.64552630221,8266.543801008671,8441.245291072797,8965.756818967733,17008.41131553253,11392.733881141909,14619.682766867889,15459.415550508087,12110.832436143734,17275.807160939832,16805.894656724573,16790.17205885769,18110.387474660307,16495.434100256647,15908.332375719769,24859.047267529477,17503.4937603239,21333.187818134564,18932.76462337264,19649.97696119443,23712.79737019925,9930.85643723374,9007.141104743543,6825.6748120387965,9091.494775674448,7613.451273784015,9275.905252634797
N-Formyl-L-glutamic acid,26695.43799176001,22124.33251544353,27955.534176319103,30663.833542515807,42627.57940581272,21789.40936309908,17217.331013102055,12529.170271252488,15027.808956990748,14543.31855014763,12237.859851768078,0.0,4247.719664062215,3859.441687374135,4133.297842157343,3553.7594504744497,0.0,4248.529173670165,3829.102598212971,4883.263704955234,3983.774243261928,5401.353446471702,4577.3526523684295,3661.46910982984,26311.53799069426,27579.552579879768,30368.73520405034,21699.06979459044,32219.085720374016,30199.740913928294
Sarcosine,5790.497544348225,4167.476770721647,5149.632105076109,7268.49102579997,5263.344266643066,6065.25694024481,5463.665892506707,7167.507898796817,6428.549033045694,0.0,5154.025738242164,6019.585063505127,6075.99883913312,5020.141946180008,5642.619966196744,5965.676993478059,0.0,7347.07054777511,5773.083975082107,5513.539895326103,8452.329941196991,4780.123737938568,6181.191412742699,6565.277344219127,4501.647787072853,5573.381860967685,5431.781702143259,6991.116328230087,5612.359137099606,5798.766255303822
Spermine,11140.397142148722,10538.750611101064,13679.193973805808,11026.359373320494,11652.871935791049,11624.803462724309,11510.018102067244,11295.879166539436,11820.007990590891,15287.061224992349,15247.285548906284,12371.113692885358,14992.60864208915,12896.649589164055,13220.105407650604,11025.394426684195,12866.713750231624,11413.450957290375,12397.926161652787,13591.468135418612,0.0,12856.943949247185,11912.079106074762,0.0,13426.620983421177,14557.710339895271,14636.264041638153,12042.171731308714,12810.317762592376,10860.216260890433
alpha-Methyl-m-tyrosine,10501.48743554877,14014.719724936282,14526.671007772891,11740.620073458636,9644.428942483217,14257.75056409961,12885.208925172235,14145.424833061375,12063.036690829134,11754.29907667412,11983.426514619268,11821.065480189664,0.0,12881.187648417625,13588.01917952205,11391.899261116088,10518.198467107994,0.0,9181.337133111623,11656.7868919967,13529.46655845223,12001.342754079316,11114.2712456536,0.0,13081.790400274049,9577.95200850106,12358.52565769581,13101.082405624018,13139.715648055277,11722.0625384063
alpha-D-Glucose,5301.860850046816,5442.102435682321,6585.248053897422,8056.235819064787,6391.673743234266,7537.794509161803,5833.607846021433,6108.119811262021,5537.347996192721,7253.515998533271,6230.3017979672095,7387.418817823191,5468.316852588684,8770.551663059665,6030.861892722123,7003.470073930403,6111.44193110583,7291.802823365305,6704.260916361904,5907.217955825771,5021.338158903452,8220.210448756561,5560.624995089034,8584.684507858401,7267.458804274552,7985.523151258415,6893.514770707694,5549.412646322721,6025.11152886367,6183.116498203832
Orotic acid,0.0,17468.34258350828,17358.920149418558,27658.96395466205,22314.47598225745,18631.94348772524,16087.304517424223,0.0,18472.800979370862,22548.33651633515,17436.70063029974,17560.092461786942,22431.23204489139,18886.861929102004,22430.932980586604,19204.85429935612,19224.20752583087,19933.17394357538,66509.4626108403,0.0,67177.35996290829,51745.07930399942,57200.657970502616,49191.46425401977,22530.36737894257,16401.104087936983,18581.600118976898,20148.84000949345,20489.673391993158,19626.451773051434
beta-Alanyl-L-arginine,62124.09003315089,67446.8947018633,45991.95032394982,59550.378259712415,57176.76928362378,51279.38850649002,0.0,43600.619615936026,43126.7331858063,0.0,53212.72755256862,55140.88486697767,44322.156136442245,65204.20762155806,58316.97287747716,48498.83518479498,47418.412072068015,43586.3285061654,53884.74235811444,52727.38326605412,44270.16520430096,0.0,66376.9940024287,41630.90328752074,54910.05720440235,51528.25631314223,59192.09689522608,40575.37360841878,50488.76877392212,60107.37791015127
Guanosine diphosphate,0.0,33581.669033435115,0.0,35832.401217792445,29939.111928150985,42098.04876926541,0.0,0.0,0.0,0.0,31204.08663318823,0.0,0.0,34684.93360729646,46517.41590215673,0.0,38340.11622509493,29162.03126178464,35874.74574444983,44307.52482571896,0.0,0.0,34245.34746400093,31973.014176907516,35764.02476105987,44205.58889803645,33198.475893628776,38937.80378179789,38090.95845975491,44512.32646602779
Arsenobetaine,10925.062833983477,9048.81366814884,15402.186438013565,0.0,12169.436277576524,12174.520418560209,13216.291553519002,12384.30081626437,14848.167900373615,12096.095941732365,11024.213797490142,12661.781911023112,0.0,9052.151737986287,10922.532246996876,10809.799666982126,12246.655110155229,11673.19938554057,15956.174823094116,11870.974326275153,10464.33162318804,10374.580577198049,12431.560543399975,13070.260252507844,13478.072050955232,13544.98486135607,12203.879992433813,11448.052945827909,13522.42553202744,11637.092767715563
Hexanoylcarnitine,99851.27686450104,95574.4560070884,68860.75664157941,72203.30354485138,0.0,94686.8141624278,27434.788747460625,25695.82337486965,29484.38726636249,26206.400117158995,24396.7149424537,29020.857686206826,13402.235648967851,11938.855048682706,15362.470380693809,10266.20017959475,12483.103245645709,12924.23309536385,11121.870027585195,11698.37174897686,13659.266626268414,12822.76221767517,12838.686132142457,12268.691236858836,71804.40210598912,90293.2925814244,89057.7006106209,70774.01423990575,72374.45675295993,92060.7860419706
Biotin,20454.774396791054,31593.650928537885,28890.273296831776,19824.40650497486,0.0,27295.20635715696,20465.444997900897,28923.498959300174,21499.269141367156,22039.00109523528,32282.94834203068,24777.120985758986,27605.467800323997,23130.58268553317,0.0,27798.39219839924,21590.16894624702,31123.70071204637,34722.42598908656,24332.439978330294,26390.46879570994,30747.98842878949,29454.406664565104,23568.38985439817,28228.486902840465,19503.651462956917,30285.10085946785,22417.542178427266,25921.62949627597,33583.49694631946
DL-Asparagine,138085.49707414268,158048.76350986373,109976.48623999405,0.0,0.0,124732.97801278718,175351.9277898298,0.0,127803.59848676238,148444.98230221227,99893.56314178115,114765.47299906476,91013.34786517618,111570.5801847936,0.0,0.0,0.0,114031.43220238527,89036.48847443206,119948.320536694,137226.6388289919,0.0,110724.37761125932,175005.02826933554,90957.26636335508,125909.9379452912,138796.30019687768,110215.07471345308,114796.09802724946,111594.22665605752
Histidinyl-Leucine,5153.999418617527,5887.947930122799,6806.578393308612,6966.441251164868,6242.915008050945,5513.293777123945,0.0,0.0,5454.390762082297,5332.531551725145,5498.838265549246,5875.294007108947,5462.807267625364,0.0,5619.275430380315,4833.657858706987,4505.424770321222,5813.703407008119,5074.849371992083,7050.099482551416,5386.4184990654,5377.318949224919,6093.922956351346,5870.760434154071,4678.447719517907,4604.446571883306,4977.132965644233,5093.962561801774,5152.883057009927,5217.603725903043
N-Formyl-L-methionine,332943.19343482726,352509.2728444137,406857.1306037421,361694.64606315154,406643.3402288883,482407.01234066125,425652.4742392746,362550.3751122654,604931.2100772467,379400.32379763096,390290.0943336123,411478.3086852909,362888.4735545637,440459.55361827376,514796.56462065486,382724.8985596185,405075.5721648542,421514.6623658506,282360.0929353275,370748.5211024719,435350.7500925754,394606.2404799225,339466.0318069735,393718.1349137341,345040.17023371824,499636.761208537,374992.8502988653,446651.2253923531,387906.395407536,421179.4506393841
Lithocholyltaurine,19312.504527992194,16355.268905943254,18643.376135588347,15199.019285803985,17488.145834660234,19884.89013225148,17727.863866176158,17323.216537705437,13241.368273051196,18922.784461466406,27020.3257544991,19044.830901384503,17874.797233567715,20013.8481892961,19787.29200230496,19309.908294985496,0.0,0.0,18260.528359584376,17770.26522558498,19699.11665145745,17406.0305557441,15179.966471282029,17404.36155566979,14627.006251641857,15577.074993227698,19784.5903722186,11261.600544644842,16974.402311544607,16148.262706751866
3-Hydroxybutyrylcarnitine,6708.687722809457,8503.260781473979,6813.279255578902,6921.1681119333525,7000.345700490034,4927.302869617777,7176.241507146833,0.0,5366.001093024013,8769.863552674156,6331.225989846303,5062.501488604842,5888.65851391148,6236.047987868345,7243.8227370786035,5992.782183062423,6934.041670239332,5555.021087363529,6347.7105027696025,5916.678054245452,4641.1166646493,7112.981313188608,5428.642207214062,5172.778972826199,6643.898966819598,6629.9529575033885,6582.029815854762,6422.195288601841,7266.323624046264,4833.957058211664
O-Phosphoethanolamine,0.0,7766.716317430358,4795.720792463938,0.0,5817.895409739839,6093.637071976103,6683.622595336335,7573.975524614161,0.0,0.0,0.0,9150.912058589012,0.0,6842.804561965509,8168.13575380287,0.0,0.0,6988.928462072601,0.0,0.0,7905.641165233055,0.0,7541.414224685678,0.0,5826.238574709175,7423.789454161663,8692.88818175899,7879.523462172426,5958.048972460322,7872.570526047943
Deoxycholic acid,51743.47063370952,63437.04952343537,49970.11822954006,59484.911052679774,32849.03336158208,49579.45490357505,0.0,45239.832184570834,0.0,53992.568550510565,0.0,61606.81710686974,41511.40110372367,56778.574980028,39369.98421364128,41583.92944898383,63510.48718186516,45494.2175907102,46232.53931371951,46359.27292212238,75308.24804332742,49037.38558703505,51809.14128413817,66010.81250928085,36624.68966372929,44886.65461926591,50498.34901942742,64895.54440234888,62940.64498877207,58993.87351500586
S-Carboxymethyl-L-cysteine,51014.5095547938,37992.030123009084,51343.550480835445,46285.12979530918,46990.14708254428,56725.12518329214,76266.97815029045,49006.45151148182,40482.30732392144,54804.34132702056,53758.10588350534,48529.05541420064,42828.56239868905,45976.41493200725,48107.39465820087,63769.36329435351,50995.8303437796,0.0,43592.23737487114,57842.064646441526,49763.68043980772,43047.07650331219,59863.88035819115,50176.01818291059,53118.48263243701,55167.16659055414,56587.3392357894,49790.19061808158,54897.52358012995,61491.04591091197
Valerylcarnitine,57304.78459566173,37849.78304009209,46082.724267524354,55026.71072756145,67236.99236408075,47756.72158604041,45364.68707667517,35839.21227587488,0.0,52122.15413273232,0.0,50001.811042812114,59966.551792980885,0.0,0.0,58336.549184119045,45901.74051778879,50325.848931273664,29599.658227592758,45849.20869851085,40760.39399340384,40380.096753875136,42542.708195660525,53086.08994028979,47539.51854893018,34365.26710567769,43961.3439836218,42181.03774957561,50335.85221047319,46906.40201797789
L-Carnitine,39439.48530446961,33766.7153849634,28661.175367210555,32354.93053118977,36003.818861426254,39046.36761050912,48993.67061109171,30292.35273655536,31111.683016598225,52955.53503100078,33592.51217467273,42968.929870498185,32994.14848012541,34942.397614886184,34239.701615735605,37192.955830783154,37965.642929204936,36444.43576204764,36259.56708953185,31999.83505415515,39909.86337419939,52153.8919895739,35942.565784539045,32197.878566017574,44652.0163832368,40377.99371755145,29656.228506985128,35703.08287876822,42054.75841707039,33042.76269285397
Cysteineglutathione disulfide,6171.546614223053,6924.652902893919,0.0,6334.675456225251,8065.276869809823,5780.573277534824,5948.974775528898,5818.298500958014,7327.351669806801,0.0,7635.500348606141,7139.104986248063,0.0,7337.752324862072,4984.434073178168,0.0,8451.074275577794,8368.1425097031,14904.310514061372,22959.638879045942,16595.622328408306,19744.896018019732,16986.362829423237,0.0,6423.17589575901,7802.697793518424,7124.333305091114,5959.836031273331,6961.2137549343215,6033.732928413526
Cyclohexaneundecanoic acid,17852.946794836083,20589.75432107927,18897.90969862827,24055.766571383527,18933.536630458937,18402.12949832793,22427.245874604872,19387.947218918485,17948.222272328938,17723.70335392151,13048.29824109926,16085.64875240307,22048.97344887217,21396.25196633344,20113.67954300157,14472.932585425944,26529.14635969052,11441.260847712929,24583.85768823709,16456.95246727118,23691.84620413979,15773.089397115114,17840.863398649355,20864.05264715089,19724.099060316978,18979.176053443367,16070.381270533804,16259.639505508432,16971.580125904693,18934.915925142337
Glycerophosphocholine,2224.278327793626,2138.8775456277035,2368.691691263035,1671.3346356165716,1735.340778397036,1925.858992738295,1976.120258928906,1670.5319063039894,1853.641479426293,1692.493503331213,1681.6102831380738,2261.419342672917,2038.4540990574824,2025.8836686036889,2294.6025598948427,2219.406521432245,2095.9865417017963,1236.3857661168092,1909.1276458751624,2390.1538891700966,1918.094893543686,1955.4313948854517,2388.3905765802974,2188.994410393605,2453.2066621920853,1767.1256842685202,2376.5237309317736,2203.243210030133,1601.5953303334145,2258.9347777701064
2-Phosphoglyceric acid,9067.438743873952,6982.091271089275,7316.592273279563,7002.911117300309,13101.081118029795,7360.358211218011,3678.196061625694,3104.74355631452,2751.3517846749164,2971.806900009692,2935.360136830088,2875.22899476083,1276.9628111580932,1049.634622809854,1134.764237858842,1162.5587018354831,1547.7381042709385,0.0,1554.238447258253,1417.395529199622,1264.509369118207,1019.394405918182,1105.413478997811,1320.4625318656508,8981.361334593765,7637.634399659524,7631.363192282602,5848.260991650172,7719.328925506708,9815.773453027272
Malic acid,35327.72940490326,47389.89322676791,44411.75465688209,47493.952895251125,48004.69611572816,37903.94068230604,29440.52472600004,40778.2828769325,36720.925499451616,43506.00065275903,31576.918236137903,54451.49817020102,28255.410582496217,44761.53382293454,0.0,40751.65703192379,34148.33651585916,0.0,33715.91155548268,43259.90070546864,44105.11588489563,32198.063123191667,40540.65235004104,41987.04416912871,36433.58557749104,33042.05866623152,33963.37423224246,38302.93449590008,28149.06729895412,38232.60870388025
Tauroursocholic acid,2367.9643867927243,3691.773394198161,3509.9048042880904,3322.13653617548,2780.30656755079,3281.1980260024,3409.797423548622,4555.976371460169,3309.5399598363115,4064.2280399965457,3229.864222331956,3068.1722089734244,3156.65061823533,3296.678933125764,2840.363513115077,2931.426860643548,3566.3297877812483,3756.717191258128,3027.6920334098663,2776.18525251585,2831.487998914025,3165.2056531264534,2477.4851633594158,2299.000584757204,3619.0075772604846,3007.198859104938,2807.3592819238625,3273.0028910736382,2512.515333539905,3463.23189098257
Anserine,201038.1092807733,0.0,242336.6664548811,227972.9593934331,233047.77040273653,209734.70064391723,215390.887564964,200685.5673528677,256126.1403048984,207682.40212558,210851.13466567596,249706.119296944,0.0,196731.6179911416,228288.87598945329,207484.96641300144,292651.74187436444,205850.6379725304,200771.52827766805,180801.997092502,207729.1673407748,0.0,213781.2972996898,238712.19468775028,169688.3017735125,222666.1730831125,227386.9568003037,349817.82345296245,238706.25376268377,273748.1023348982
Phosphoserine,69283.78753582263,68857.30310772904,72409.96526674708,70618.51746529307,83947.94846951036,68803.1119119801,80825.13180290288,76346.99560461131,64170.106550358025,78613.90660390638,66340.76265870973,76812.53959028586,59528.31112023341,66070.08979124481,0.0,75792.37249942617,111387.62688710765,67140.96651768389,58191.80366451861,82328.2083602325,71113.04833362887,80799.78562369078,56918.53494116836,82749.7431847191,85654.77433199514,61506.68935456009,77332.24314124671,56684.53878299023,93331.70256797688,59453.60295231648
N-hydroxyl-tryptamine,0.0,0.0,0.0,5792.1124501767545,7580.440224766995,0.0,6717.962296098562,10999.730961829757,8173.607826157339,11283.543258091428,0.0,0.0,9225.167925924894,12363.217338906652,0.0,0.0,0.0,12722.053248206064,0.0,0.0,13328.925755932418,0.0,12514.532469833131,12551.427176395198,6199.042341443862,7898.210939381127,7444.547889734437,8098.718553272734,7751.770001746895,6659.636483718632
Deoxycytidine,39602.44424794994,56478.950535643904,57014.34294070067,51593.29233415656,49995.99089000749,53508.96277101952,36859.291742959904,48054.25759981015,41799.52760863291,35750.010414434044,42488.34918730714,39136.88227605928,32166.74831011471,38509.283460406274,58998.32845304918,40800.8365420408,56721.10549134741,41071.32389778151,39828.53777752368,35436.56205979259,36977.7494647898,41944.89128550325,40420.23679541796,35444.36111463491,49503.052323021664,51539.35854138152,38133.76607108775,42593.05969516133,54262.62408729288,48319.126467571245
D-Alanine,31897.79201310596,33115.51730311122,32384.38175700447,40099.43940401542,43949.61994119513,29196.867384333,51485.33073297459,30473.2176759887,32987.13778070789,27233.271268993183,31567.07754856254,34081.210827473944,40181.595305837625,0.0,0.0,28270.355309300947,37688.77614090146,32690.24075005428,35100.841071566,35759.28839454896,44421.6728732055,30671.946844237977,0.0,25040.651714338743,38602.98907127009,39989.45833818554,34104.01305757159,32703.349901920166,27373.6024357971,39894.99649103724
epsilon-Tocopherol,16014.721012405786,22354.24818843397,17523.41913099829,0.0,19289.457172893708,14115.316622007647,14892.372572799464,14877.364633100731,15615.954472864776,19023.07702617696,17492.71257387301,22583.614314121147,20684.80292387413,17001.631106569614,21181.568818799136,0.0,12906.124495835442,18382.39440948094,3062.7170100182525,5014.453977165304,4086.0498130531487,4200.701071151087,4395.579003635188,6161.097693224551,16440.93006719795,15451.970713539618,23167.350944330563,17748.32319668579,18943.929223139046,20454.18777635442
gamma-Tocopherol,26473.537305329755,25896.50760364544,47036.72358339723,30413.57427963245,48649.55216325338,40805.38901909822,35452.29542952139,37356.51138805262,34272.521278111126,39589.47537848329,40761.34306709186,47117.088883823286,38030.94385486568,32479.36959502341,0.0,30332.152334243827,41222.36238826518,37418.01284610425,26699.005824067357,35065.598780278764,36605.8453433515,35003.832249985644,48441.61606076187,0.0,42829.29887795096,37729.80932400653,38969.46668574616,39500.294339522494,34546.81339132289,42803.12734267168
Chenodeoxyglycocholic acid,14932.048361862637,14090.759956794443,11183.83618515633,0.0,12885.042233284285,0.0,11514.85205461744,9059.894961706486,9665.77249914424,9854.40358577835,10167.585478410958,0.0,5301.329839619356,3601.717630795492,0.0,5175.043825684966,3860.924342414767,4563.173058729731,2301.212873072584,0.0,2655.9679334411217,0.0,2325.301190702611,2043.2166077818133,11542.465970845977,13889.882793735753,19556.72149637885,14766.583905838332,13669.22908151894,15771.03154169821
Diadenosine hexaphosphate,21929.246069684392,0.0,20244.131288411347,14396.904515270217,19553.018960816677,23206.512337144773,8450.257686783172,5124.112778688366,5093.390404364567,5708.879967131174,8082.732583904818,7119.4712007912485,2698.6651828143554,2895.6691465971858,2851.217714627069,2538.9934046957437,2527.4479457265834,3437.4427449948757,3053.267308461532,2840.397439792449,3419.443856805166,3187.9990636610005,2562.2628151062227,3062.3944976652333,19727.7394072327,25251.76225538624,26366.937736044627,20320.63016624558,15730.686939851475,16259.91228873636
Salicyluric acid,34042.26260632459,39288.43863596753,37459.747060234105,38365.56672357833,26413.53182282744,32934.12999908625,32485.486071919237,35622.21104471847,0.0,39107.75546218616,30792.26160028541,30983.75577081213,38606.34273633101,40191.06437491162,35450.69825846363,33145.405003155734,39028.89555308967,29929.9675675558,42338.24334455885,0.0,42150.5317486883,30264.29647811878,47207.28284007014,28166.72865110489,34227.33668074127,30357.60501662467,41997.89829246836,42472.24654286489,29918.606522309867,44047.32805249648
Docosahexaenoic acid,37094.4942767169,0.0,28458.27521164754,39569.5683536794,37149.13110315106,0.0,0.0,32305.038907248003,35334.77876622904,0.0,40425.02339607847,39060.37915244984,27418.817719393865,31788.860440232555,0.0,0.0,38785.60523483819,26343.26689942436,0.0,37111.99606553402,31565.939641324585,0.0,47477.11661809857,0.0,37847.31737904709,38519.208952558205,38691.40392925,31346.52850740858,32613.853992484124,35538.98261985156
GDP-glucose,24145.173096397328,25429.675643331397,29997.486450824726,28750.197555661875,25926.172103234177,29360.00352467353,31060.583002276333,21603.443647618245,31882.209043061644,27567.45605845562,40854.72921030913,30801.206696594996,29169.170217395505,32357.183725766547,32460.391063854186,28883.676087760647,26905.08029892158,32525.574549671725,29620.64576077401,33054.923247265055,29251.3483187134,30802.55726329172,28997.75102487007,28572.288268720065,24606.651446545027,25649.51360676309,30926.85935592436,32462.31449313528,25807.35489007711,30222.671597749097
DL-Cysteine,37044.35997413906,26043.665945511777,28372.03388151799,0.0,33397.92440235291,30235.20282877153,26417.681476309564,0.0,30042.412732460856,39550.94454911292,33143.458048963206,29633.89662618058,34193.90983888006,23274.248631033926,0.0,35140.29920691518,28470.487071144507,27480.88079674744,25362.413556897827,26114.33154255993,30499.54929121437,20708.16347759724,41710.726222509016,33719.602635572104,43860.20261820392,29877.655877310743,36310.91825307581,30814.18251248051,30079.19511287424,29264.70270328988
Phenylpyruvic acid,48548.39633994358,64249.486161166205,61709.670687982936,63388.53402841908,57536.666690866005,57488.63777990404,52888.99439858413,71051.73463594934,52441.36682121251,49962.87237023233,63235.21605286709,56677.50032373749,53282.695988887215,56167.60596177226,53417.324926386704,62721.8323141193,47520.39071365713,54368.3084369622,57520.82199416057,0.0,41290.57022449388,56811.86769606153,61097.10516620768,45749.63848107072,55653.24262812249,54589.70249954605,44352.49632471343,52921.99884213762,56209.500235461775,54963.75150250211
Leucyl-leucine,49757.30558436856,45219.293274414624,36100.37355704432,41796.22141941796,47996.323162449225,45034.84627422093,18437.658150189607,17009.223572796964,16238.677692631443,19050.344905506863,21796.719531042065,0.0,6958.157468547302,7278.421561846801,7705.881634948009,6167.2065261707885,8393.75650027536,6614.826270270292,6209.52267763594,6536.251932176226,7685.72342162793,7970.057942174108,9636.11641631525,8300.01652518463,49355.95116652505,42204.396449404994,41946.68223292069,53147.87257367652,43738.606906469824,45767.26556257711
Formic acid,5938.500892497752,0.0,6390.00968051564,6332.878846136365,6375.291866516744,5980.62737311602,7687.499749168809,7094.68884914044,0.0,5493.594401407223,4433.5022346432925,7763.800862186401,7338.359130693464,6347.1790755533375,6728.30689429304,6496.580741614642,5235.447215614125,7237.770727891629,7534.823853519343,6756.697493244234,7186.046965849233,7074.57055937738,8347.203999784982,5263.776612908654,4966.973954385195,7049.429734851334,7936.433421989832,5535.153483245326,7243.908442762858,7441.9170595733085
Selenomethionine se-oxide,7777.700494952541,9311.937873947838,9021.744620516636,10451.97404927316,10269.20778941927,12625.849327759568,0.0,0.0,11495.843077730487,9491.886948579118,12396.217931256058,10327.293225290678,9018.248864803076,11327.599261246594,8244.406671468048,10567.668445085634,8354.957700769453,11173.24477857874,2459.4101679155538,2199.533070129133,2271.833571002837,0.0,1877.0555101012935,3254.786443314754,9076.375125696906,9571.24138939986,12012.89788330005,11853.901473149495,9211.812302762288,10189.521470512447
gamma-Linolenic acid,0.0,97136.25814230856,0.0,93603.08985031478,74580.733324345,81493.05640824852,99720.65589613131,77069.23904336178,84665.50706702849,115020.54635691756,101856.46280204711,86907.04168613946,92185.79510651591,101430.00556034036,113782.25008804614,81347.81775619186,0.0,95982.3658007864,31629.053405282302,26765.274980172053,34391.35048427601,28103.026062239296,25900.74298027929,35223.22025339412,139332.25658179578,70653.59734630129,115738.49653087804,94601.90016626818,105158.54853342543,106634.17383755551
N-Acetylserotonin,105141.78753937756,154049.2063994678,103894.6721414519,108171.8093827564,112107.76419820896,149335.03588063404,113779.96899999102,107690.02993268274,81964.40261231715,0.0,121253.92282568682,116704.79128363836,116427.79506305984,0.0,111674.40108489052,87380.23827134668,92188.59270882868,101266.4711901409,107334.91415703137,101381.90222649896,0.0,110654.53910188856,107686.26526136392,85872.93277739013,112995.0295033507,132381.0882842806,103838.14750323372,90110.27696060322,102136.88657112824,110348.09626044791
D-Kynurenine,0.0,30184.345206160124,34365.04833199802,34816.74996474054,37543.91585277373,33151.16950055656,34343.33294661726,42160.81749011912,32957.96233027949,38265.66795819875,42417.91716178343,38816.95456229652,51801.43498079072,37069.00995092555,0.0,38767.8388961382,43052.564802991576,39417.094960906434,41452.20340348155,31113.828534046777,33263.57657490455,38932.67799748646,43148.32502991315,39648.20158806465,47263.207003210206,36350.567406330665,34437.21020009431,41035.91049992321,44036.70662100037,35996.084095677914
glutamine-betaxanthin,15900.791340223508,15557.311808420707,16920.58291041189,0.0,16868.044194889455,15255.171005072094,18436.187939464537,18743.12778424389,17474.582654831367,14840.238928104614,13810.917545877368,16197.75355387306,17971.786993816826,16220.470941370506,13199.793142725504,15714.727175904436,15066.89693109916,20034.690375577968,22045.291477672898,15595.751314535572,17455.075548114994,18759.723676451627,11859.398509988405,19864.837793418163,15789.116564850288,17676.448575897513,12783.035891132278,14656.338863629408,16942.306155024948,17564.36715582814
P-enolpyruvate,43116.99127301884,0.0,0.0,52867.21776133501,57108.81994930591,0.0,0.0,47226.23537270122,0.0,0.0,35408.69487141065,0.0,0.0,0.0,51079.0344571299,0.0,0.0,0.0,58522.2222182428,0.0,43492.45321204092,41600.10630644263,39568.77603809689,0.0,61703.79599276883,52561.70371472527,52372.51214000937,42141.01450456709,51836.74900523026,54377.51825969565
Iminoaspartic acid,0.0,48928.14440177787,0.0,0.0,0.0,43861.356273757294,0.0,42459.99132879294,0.0,0.0,45230.86586341834,39527.27175040333,0.0,0.0,37434.66753787934,0.0,0.0,0.0,51591.254341806496,49702.87694382852,39704.379002072485,31168.37901223251,0.0,0.0,31990.45066799562,38776.980970442426,42305.687811510266,43725.21149756877,45611.32934024029,40620.14114460853
Acetylcysteine,4818.9471943400695,4867.427659786935,6145.880700590006,0.0,4939.23559578954,5542.827877723567,4208.639241492849,4409.3102836323815,0.0,4544.099603918945,4484.87161554467,3720.966629637499,5588.567355800848,3868.774237418456,0.0,4431.274780581616,4765.903537928299,4013.1561176424975,4455.334313414362,4011.743131527835,4877.825372425585,3863.8388296966673,4817.438644063536,5214.970518160131,3611.044255563361,4376.35664151746,5699.807630509205,5619.829045926514,3700.589492286597,4761.322892051867
L-alpha-Aminobutyric acid,20234.32701655844,0.0,27603.180892128763,20072.96768084274,30403.52212732648,23376.749341872342,20831.856213300118,25349.599651446108,27700.642856569903,0.0,34880.70078201652,16463.473811610616,0.0,26899.432852206537,17793.13447026315,0.0,0.0,16791.728484505784,3689.4433977206686,0.0,5412.705802387992,0.0,5138.516027429176,7667.973780950821,24194.809131023423,34291.88424114947,23204.125028367027,21112.556700860765,25893.261203477345,26948.840686946845
Phenylacetylglutamine,6043.13399630623,6843.190504544832,0.0,6195.24405825028,7333.840945445231,4751.177758121295,5437.483105021199,5955.8566936581765,6248.802085722409,6567.59570852455,5946.625202768458,6336.16636628565,4712.18931904244,4823.039401346249,5498.366830392969,4616.414375247915,5911.526403188974,4988.355904938926,5332.489686935071,5737.18552872794,7546.500232053143,5450.502305784824,5917.214743448952,5744.107620772978,5853.995251595953,5158.736712285644,5126.002266139837,4755.315760723005,4669.379863308082,5537.52861185866
D-2-Hydroxyglutaric acid,14261.21671750496,12209.262783497416,17053.95070301135,13173.563915648305,12774.866211005585,12177.85577938209,14962.764971384056,14158.594443542388,15780.747671234678,12664.503125235307,11812.531591730303,14902.326305079769,14446.112522579568,15190.951839141046,10884.150255171167,0.0,17646.475716010656,12969.507920450576,13127.25587988238,13863.390839446514,14477.297168390203,13737.62889056862,14220.773042157294,13532.921072668752,15719.506335046528,16977.826337618528,15057.046261559784,13213.68821295472,14317.82076968256,18166.991454769428
Dibutyl succinate,21985.633444442283,26376.764999195773,22181.688842209645,19324.827298472414,24931.914856260315,26363.764097787884,30038.70750228925,29043.88005159688,34570.629509814426,30392.027369694933,24351.880880347777,22768.02554510457,0.0,20729.28528466333,28919.222075571524,19882.61969035291,20355.747189493843,24641.337883877663,25787.740993020627,16788.892719971725,22889.077453123293,19447.948952638933,24223.242825270885,20894.25742535341,25866.685161314163,20436.1125495062,26827.70641042624,26502.94319177456,23684.64185512089,17990.55931939706
Eicosapentaenoic acid,96582.08002944302,106859.75610426276,113418.61478037453,101764.17751779663,167196.98626494614,121528.94121917132,103376.77844960452,119341.56989938706,127260.03761128375,120235.00511668553,100098.40665108732,111784.3822148272,104333.31159592477,115162.80244174972,105694.71336576428,129361.4045362196,105386.72240776202,150417.31911709663,30954.00867355058,43641.798836653245,39384.237453597656,33266.856558357445,0.0,0.0,99597.57166106974,118915.331616997,113164.3739500811,118034.77727932652,127800.76898818488,102117.62331415256
Isobutyric acid,2668.849685703165,2850.069130904737,2399.436394485535,2099.553963824897,2803.8116800364587,2524.1004040425546,2398.4551092446814,2016.9347661999468,2420.087842712609,2573.6315853036185,2768.0852756749296,2890.8884996172314,2291.7068814720114,2501.0519284095967,2372.078368351755,2694.304263824102,2414.9703681811966,2607.344529926691,2306.0412555176176,2846.821189083415,3647.5893100217495,2404.475227800362,1901.9233534691243,2458.404039245485,2660.977783741355,2312.2459756626167,2514.4433317398416,2888.219186212689,2442.9480144169297,2397.3969638656504
Farnesylcysteine,19510.679779863716,15657.32966786681,11788.171550359635,14882.933353874085,0.0,18722.185998378354,13192.472950256782,16940.881216429247,21440.128814506657,0.0,16356.578047121446,16724.015767216813,17731.745176842207,14918.457185735468,15191.171532702776,11685.162794561533,16624.062694739274,16291.898397132014,11071.11839106575,15291.746302167236,16480.19197965173,12202.983954887151,16186.206253073204,18230.499295813905,19944.79401327932,16069.401917844792,16444.786613240936,16644.40400159919,20081.928288245083,23829.143226027787
Hydroxykynurenine,0.0,0.0,32621.69181108151,0.0,53063.09765112682,0.0,0.0,59640.93344987129,0.0,64043.128132150254,0.0,0.0,0.0,88796.47670557331,110312.61963296178,0.0,73544.23687330635,90586.50271489791,122411.80660949468,125629.5329495147,0.0,137967.75885546705,100914.64581803155,93124.8573638669,41260.63699884107,42611.05860986423,49593.34649290147,36160.609843208265,38123.35588953472,41158.44307307566
Mannose 6-phosphate,38604.56792757461,38540.83632114001,34718.653549507246,50205.85262467179,46603.78426075196,49822.42086751327,13197.342095400503,15659.812505895785,11093.915392093408,15139.884426181929,12946.504309507747,13495.058970560349,6840.135396061572,8473.918920681961,4667.33125682295,6591.0811506722175,0.0,0.0,7717.030278515467,5739.018723787583,6183.258530107505,8223.2938545741,5852.947315855036,8243.625593617626,42951.09522876,50621.5547793479,44432.10840782613,41100.8663165059,43488.40660960814,44920.94919089903
D-Histidine,59020.58997358371,51425.80229427127,51547.1729009027,63847.02511972128,0.0,0.0,37986.337765414486,30885.0602074294,28271.896058677517,36926.23708443659,35315.40115637912,33974.49268563049,10381.065440518543,0.0,11267.848534593504,0.0,0.0,0.0,7542.856005255378,7198.577592072501,6511.473029897913,7593.36763469512,7919.516681654279,0.0,52128.98817153851,49814.29982433029,51303.95322492577,45064.73245228172,46618.04995774578,63175.10914560756
Cyanocobalamin,7104.122253937404,7585.155173191323,9650.969871972917,7088.719422837812,7395.314316162249,8989.614104011122,12926.93771854831,10648.074811099845,11715.302181924812,0.0,11586.414988197856,0.0,15645.181436568922,17125.823253989525,15753.266494252612,14088.231255275514,14918.605309341892,14108.368909743253,17320.70622312948,18518.091542985545,18960.077940289302,15692.928993646432,0.0,18217.34204849161,7016.32847634179,10203.74276886096,8256.812142741252,9286.347080322645,8157.613181537656,10122.14917883541
Guanine,21341.528967739283,0.0,19285.15745011533,22202.081482317102,0.0,0.0,0.0,30972.56140148191,32638.38510239591,0.0,0.0,0.0,0.0,0.0,0.0,0.0,0.0,0.0,49956.03079749155,0.0,0.0,0.0,0.0,0.0,23735.03987611094,21051.118667425115,16893.656155569093,17917.716281429515,22665.511191164827,17526.42572267451
Palmitoylcarnitine,13891.868920105711,13725.041627790228,12448.556362125442,16120.841470078482,13984.825323874633,14424.367063765154,12892.972139821928,14398.922902795564,12708.769022310413,11436.344229037257,13023.44845468616,15158.808853882774,17126.43619666872,11054.480646787137,10816.37750992681,12447.298001585605,13856.6119986612,14150.859729934478,0.0,14166.28632293086,9977.707243254094,14450.122257656474,16536.728601682466,10698.50512984338,12768.429590771166,12655.971068937726,16947.847396224963,14208.260882933017,12129.676295224564,14295.412176848782
D-chiro-Inositol,95596.612804333,84967.18262916889,70824.99643436316,89582.72162817186,90366.4263080608,79656.47264048446,77672.5110054114,95728.348118712,73443.02487492503,0.0,81526.33468396918,80355.13643938451,101908.71136271628,87534.62006985064,89819.8107499138,87417.09257484434,0.0,82952.93158897336,97970.9865715636,80387.86943831552,79791.56219863112,72295.38824305138,60101.39824249286,67511.80534005731,78548.39393573959,92881.40400043225,94315.05099765348,88636.41027540466,75862.99415032269,61813.12568663797
Cytidine triphosphate,19037.927691774334,17750.19706680318,15304.63969017843,18537.606774072083,23760.1768424909,0.0,18658.651015800133,22745.92463082933,20797.869851897845,15665.973469990631,16355.809465174632,22314.291076588524,0.0,20503.55426180676,0.0,0.0,22620.082286356926,0.0,21028.85467490132,16178.54295443823,0.0,23326.332920385317,17820.411134210524,25939.847133444506,17421.431391237224,13608.934624604086,15592.166397368956,17596.062850798702,19030.18875074826,13960.10175783804
Oxoadipic acid,0.0,22101.54410968613,20604.307919604613,29533.62932540158,22875.630161326597,22285.16696715748,16298.53475615277,29981.476073422,20949.76919214606,23884.480496644377,21924.6414484947,21714.180342995194,24134.754978509514,0.0,27913.380498017326,24864.64666588433,23128.848054616203,28454.295835915844,18882.25883678126,0.0,26172.262296028075,24772.464700833665,25022.483640417056,18370.67428613765,16963.443766295062,23774.45187583805,22465.395873252444,20223.81756288631,25383.952282566708,20715.642068145728
"Fructose 2,6-bisphosphate",26971.618441612165,28785.351407427832,33391.12140598743,30323.617587800756,29253.89894363564,25332.649042492885,0.0,18571.639448905207,22562.97322179348,26475.64193553046,27769.270881893117,24485.777093661334,32624.98031861916,28033.83475496833,28902.997862823813,26450.038859797063,35543.95978637207,30523.49055502384,27837.30678586872,41654.51245837066,25030.85025683823,28332.172575649143,23649.71161228926,21287.28803688438,25560.576891911027,30038.866015002564,20680.517314948527,28668.07681352209,22767.69169472656,28243.0669666359
L-Lysine,0.0,0.0,0.0,0.0,0.0,5026.4751722819965,5435.384036914598,0.0,0.0,4749.413856130846,6020.240763972666,5354.466570611562,4979.087605916333,6454.011962302934,0.0,0.0,7714.849872446936,0.0,6062.973394946541,5041.695042897249,5862.392586935335,0.0,6860.970683523601,7196.14080787971,7401.982759154685,7512.514839721215,6279.85538271932,5961.665636669264,5291.684420761316,5253.902300647283
Deoxyuridine,0.0,0.0,0.0,32405.122834494134,31025.27966238676,0.0,0.0,0.0,45314.5661297169,0.0,0.0,0.0,0.0,0.0,0.0,37775.05342073416,0.0,33305.763448030826,0.0,36667.86618072934,33050.60106711637,50439.23504032875,0.0,0.0,42527.80327268052,39902.42264986198,32538.812478843138,52700.22930282616,31294.21275326448,38265.67635794551
N-Acetylleucine,6359.315625913858,6996.09619754509,7584.689072205084,6535.471875948287,7094.82934916225,7586.93672274979,8093.612702255686,0.0,7238.580657574865,9442.670924575305,0.0,5102.930024456724,6583.403657374819,7578.511515223315,7570.233619178203,0.0,6444.804774537175,8120.29534239954,11902.17835458728,8567.767376326232,8462.917117542856,6685.094584034007,6342.156949013949,7475.108766051555,9159.467590842418,6208.703014436524,6899.738278227448,6781.451933102772,7050.250766486302,7816.046694668194
UDP-alpha-D-xylose,0.0,22760.63312841553,0.0,25814.12064436416,0.0,0.0,0.0,0.0,0.0,0.0,0.0,0.0,24041.77718909945,29867.697402212027,25592.128725688723,24871.066369635213,0.0,0.0,0.0,23712.1548185454,0.0,22138.37043856452,0.0,0.0,28362.93997359777,19302.493037338038,29014.032175436565,28869.130603390397,31578.606450785464,24236.883540171737
Guanosine,10581.978734750524,12777.636331436215,9385.49863076436,8267.180980230605,10639.265470280952,9895.345376144813,10883.58537902552,9211.344585990191,9869.868966423042,11259.890026750916,10796.209634976009,10431.279239340289,7628.97153922629,9158.085631555768,8908.922553563722,15968.0228473862,10234.059094340531,9563.36538302618,34162.09211743447,24849.65173836851,33377.485347292204,0.0,37008.82940308332,28787.35639644473,13997.047851901942,13787.76350893608,7932.474339131535,10665.559748372592,9776.05604985303,9372.25966899927
Ethyl isovalerate,66302.61936530625,63668.43785008358,87855.60096022443,0.0,74489.7612380995,90239.92247972514,69327.76903716201,75563.64227374927,63056.3696024788,0.0,101507.07934889018,79550.53660043032,67326.62149026057,68073.05376999314,70471.76995650407,81230.19689100276,65514.10576913351,75022.30045245626,73119.88204732083,84562.68772365802,68204.78409387935,93373.45776514364,78821.82682832873,62516.0157256006,61726.25873841335,65326.79426971851,66248.22135685233,63731.12167885559,83778.51728222512,82418.62885937848
Acetoacetic acid,22389.206380136136,24223.760028224664,22876.56266724819,26302.129067718328,22809.77708738929,19878.07721329633,27002.4251944244,0.0,0.0,18401.147611081204,0.0,0.0,19721.35601966853,23415.277959108,21079.161422696783,0.0,0.0,19712.61163834068,7143.0003592050825,5925.550342749743,6176.761937208078,8206.369177687424,5397.212613932669,0.0,30358.264982311237,26831.333653579448,18628.34226682336,24182.85250335151,24483.850131247214,26444.80029278086
Leucine-betaxanthin,0.0,147537.28626544436,145138.20021302358,173727.65938205217,124434.5001824056,161717.23415225177,109061.152528165,0.0,154825.67398149433,188100.05777596348,119489.50604107205,152492.6513476581,154966.74921590075,155353.52762008124,144789.53543908606,178616.1575033247,138850.30857503,168250.78272425485,502661.1217679515,500778.0430333212,605753.4480390284,560034.3062452945,520145.507920698,0.0,154605.94104465604,130765.42164811595,130558.70616647531,146883.00899904856,164340.97404440353,120477.80024758838
acetoacetate,2316.0086221937067,2369.996947883541,2322.055291797653,2821.325066307787,1992.6690959319085,2984.7821783633626,0.0,2448.3859915801218,2812.726663974324,2128.878142170487,2172.460617796592,0.0,1865.3459420744764,2246.8753641108246,2187.710285276588,2118.3415320296594,1808.515726207716,2165.12160061911,2169.179252867028,2202.3281010874493,2315.4385936465524,2115.268390967323,2228.422448199312,2352.1413607929308,2493.7939472055905,2949.77081411488,2627.1076076099,2757.3429780653464,2882.1249030162912,2211.8670517630912
Oxalosuccinic acid,73483.75068036815,0.0,0.0,94224.4293410954,106596.52986882144,0.0,0.0,92216.51069260688,0.0,0.0,0.0,84191.89203259695,0.0,0.0,93962.46912106928,78403.32544363546,0.0,99374.92269893578,20813.55387611912,29495.297631676483,22958.40469727068,25871.16108814948,20923.545357836487,20604.408821765555,84219.29660196685,87613.74377586883,66303.13397470918,81373.2439039846,73378.694839767,57401.4907228184
D-Arginine,45724.13441056435,49680.62973365856,54202.93965378485,44800.65217013291,45937.51694616106,59488.53697082933,67947.62385552193,39772.49001846666,57056.35906290178,53308.22981143826,59652.501224977896,0.0,0.0,48533.946889028266,51173.95043642652,52054.09768028077,52078.23018201031,48490.46482405612,42833.00819357225,59092.71639405519,63124.345877600834,43276.02158122115,42814.06043038052,68944.78765501696,42813.7075622789,53754.23511720217,42532.6998514374,64807.85965123932,54499.5175205682,42628.00677277499
Cystine,0.0,37620.41917830448,30395.72877508686,35090.56736436795,0.0,0.0,0.0,0.0,59084.2637686105,0.0,0.0,28396.994655994986,0.0,36781.32044366356,47579.0077327594,0.0,59400.6122572855,57175.37963382263,0.0,64200.97443920527,59036.71121869714,86220.77086257534,0.0,0.0,25600.919872025883,25408.454434831518,32898.6870063553,32067.74381431015,30571.01786699101,28686.719580524707
Aspartate,177173.0001147822,176501.70264794285,193998.27718349063,0.0,196826.3286280719,202256.626128856,180656.3672232772,214809.0433587393,224647.10514978017,160299.38676349257,217327.67815522957,222891.4096953324,149241.19282499974,155190.44759606148,222466.9487481075,208834.8067183885,223771.46739784608,211649.02291290084,180624.49375856316,181906.9869237599,163169.62682418933,203825.6709639592,195003.970009355,245423.18377289476,162561.96504580928,216867.08636154744,236007.55052939476,185642.189695278,189038.15110681072,175539.32562120853
Choline,4611.796584812302,5440.207940254786,3508.5080093451047,4003.043369612813,7265.564076653459,4600.784846745613,4643.936995619903,4510.267525713069,6261.044354931307,5044.356239377107,0.0,6278.046528349217,3772.7838390187535,5340.250641724246,4971.520885634575,4635.032338064783,5417.376573201068,5221.930002205233,5707.515440984396,3860.646615930179,0.0,5957.645339391708,5266.166511159723,4529.216081002048,5329.2351081783845,5796.146895594956,6471.111343047727,4552.5960800724215,5157.378837631651,5091.123372343419
Ursocholic acid,25217.66662021143,25303.56160307481,29694.04252944094,35968.654648529126,24640.815997657828,27524.558773230077,27052.66967044672,26221.81200032305,20434.88549311551,22905.514952387435,26497.613324927363,30218.021112145358,30540.89184496109,25267.979801669124,37759.80423994686,24839.73179732762,30790.55435904968,23844.83235673973,27171.047941925157,0.0,30593.016340285845,29070.50091571803,25753.98235689301,33449.09959271479,29386.827236469013,27375.62225392563,34402.56920734638,25882.61864455365,35887.59671092022,22773.95660469926
Taurocholic acid,78451.20210300869,90886.09517403734,64169.24876351737,91575.4406771528,58489.82250352048,82832.15044877892,0.0,133733.73614698756,120874.78155785234,124557.5325694801,119701.54110182566,95989.29003159048,184268.2737267942,185149.10744908167,0.0,158536.9216901893,198929.0368675035,194302.1674005917,289364.87660031894,201763.2591604161,172442.36494913555,197608.789109866,216024.34396528307,232932.8009400442,70755.7832058318,75485.34142611714,91847.7706523734,68297.65117911158,76019.04072596997,85754.93161909278
Melatonin,45308.42711173681,42166.92200343037,36847.760826449296,46639.11760112131,38542.13888285389,33410.60300860113,40210.73144994351,30973.951856027656,52114.2423600025,40844.25958974403,59581.74684953471,36025.26052066354,31533.265041171668,38658.57159250384,43584.97827868641,48103.77504410327,38238.49261796221,37509.699739487056,46150.68989127461,36009.80254916937,41395.93381219431,0.0,44465.59712984067,44154.49093544474,43497.82801680493,39291.82847552435,29360.25564219783,42035.63174359858,41139.855600837225,47197.74136892388
DL-Glutamate,17084.55630823491,15340.440506088047,15372.66364028239,18729.636772571008,16757.120108427822,15177.16779291164,16935.480215236512,15116.118022635752,14753.563894349296,16518.003834893723,15735.247674506309,19918.745079292097,13050.945094542947,12044.356985080758,17539.24782257061,14165.566026366558,15006.827220545316,0.0,15126.22394635455,0.0,14295.29420010446,15278.20242688265,0.0,15595.440745294418,16177.499348971456,16369.793935536622,12252.701789200257,18278.123419760293,11103.695426369744,16071.062539662413
Creatinine,35737.334889096965,40565.6944365877,35406.40886221551,45489.68877629176,35615.23223092973,38651.44319811672,46674.357587332575,33538.59400384917,45607.47957867164,39959.069306731326,39093.533377599415,35443.92825963852,48543.81834136794,49163.62595312671,45202.1846482936,32458.380725217965,43463.64207957781,39554.31538742431,38263.00825111908,48709.792581072914,38294.75403679881,42044.66821101561,42439.712518373846,40839.80311620207,52767.9089546742,42610.35227760352,50765.60680182943,29897.008410702103,35092.622180086495,38715.24419218479
Fructosyl-lysine,16746.586599922037,15324.304268303864,15609.527819792933,17127.9320894819,0.0,18366.32906392846,13049.792670957564,18044.953726431428,18764.78842894821,14821.406471106238,12528.331385881102,15641.3231383488,10927.739351720007,12465.339048941296,17748.02196048082,15434.21178692131,0.0,13846.22352665372,15088.926045713606,12371.980122278215,15175.225737188666,15601.018996154846,14195.168556201066,12263.190130223196,10817.837834691689,15702.138356539495,15169.085065593965,15738.706905101017,15523.811075412274,14521.535697266643
Octanoylcarnitine,14193.20778370468,13221.95326450626,13848.372766280618,0.0,13048.143870029046,17453.160524507675,17206.423919863584,18430.78449415732,16367.656565121424,15183.982616076735,16740.585008324506,16015.531312299245,17030.118123612454,14773.91642271039,13917.623827336762,15592.87557549006,13236.022160052848,16791.60945219246,18295.867163839877,16655.78502126258,14822.14662796491,0.0,13220.20347110027,16757.61393224515,17586.359025552076,16063.617678435789,18798.93872660855,15596.664806529036,12294.848279871883,13410.357502648185
Indoleacrylic acid,0.0,11794.712835396842,11747.313581996916,13266.341501104063,11887.118490477083,10857.243595049344,0.0,0.0,20626.72219967392,18871.73553271099,20748.40685926029,20552.72024771291,31286.82130585184,0.0,0.0,23990.250310990952,29046.52464809416,26929.95929106231,0.0,40510.73368746935,0.0,38669.64756565248,0.0,0.0,11401.147859574692,11854.318451485991,9527.380131886051,11397.06583051701,10879.837680190189,11584.904038247229
Phosphocreatine,0.0,63283.21994485929,67266.59818768599,50940.70160366167,0.0,64361.4796630249,0.0,0.0,0.0,57840.22607312474,53424.43188704161,64122.85620457762,0.0,0.0,66523.29946495054,69861.83106551738,96336.30030924657,74213.530057485,56405.8981518045,62472.705930901575,65008.74234754671,0.0,71580.54048552213,58603.64838148527,68774.42482598496,54471.68720039183,79523.0179204832,76674.86784818454,62988.78098109296,67655.59310375262
Fumaric acid,33574.00761328544,35121.86527185106,41152.709687417104,28089.16236078733,28444.69680596166,35884.4157020931,23152.34369167616,31608.122346638364,25932.11324059763,38596.08407714778,30068.64251333729,25322.44568909977,24351.23956233317,24440.89506133363,0.0,30126.482375790278,31003.59351464602,29561.059110224596,33238.37448725546,26547.896564494346,28386.75138644915,28532.801731540243,28030.992777630592,29568.978557794017,30967.18544882424,22001.829149004167,31246.93295536882,29197.10278877372,24877.15136072413,35077.879671306175
L-Homoserine,259394.50234202648,259618.41577623528,250313.4457717122,275888.5220544393,274378.7122113249,269195.56820621464,314785.8923455579,268637.35508426995,203634.4664439961,255272.95231098085,227367.3677888217,264652.4580092999,360899.5468013871,232147.17840290116,0.0,242405.95920961731,258946.89927370555,283478.7721358408,75598.94052477136,65817.26667310995,69502.67500617592,76428.59656682455,66949.53913064,0.0,343969.7299179329,338596.6636238836,282667.27368361107,320703.9348599055,283426.141807837,310573.6724853452
Taurallocholic acid,69594.71937988202,47423.40294373278,47043.127436249146,59014.10650764928,0.0,38085.09776534202,51716.58272143342,0.0,49289.13799516129,39383.00532852705,54767.062412412495,61375.700335025445,0.0,53298.08831098585,54888.56408431398,42435.13038915271,0.0,61749.43176531948,47342.67483680689,41252.33169502253,59103.84808709807,0.0,49430.98267265655,60448.240768258,46741.15582802727,51848.52969616845,60852.038649905066,52938.62986367112,58728.67915986013,58350.35499257704
Dimethylglycine,5879.729310046816,5332.122306156722,5336.194750589472,5150.329738696966,4150.379887428141,7061.093393973112,6701.691165885587,4097.586978824623,5161.507728431845,4800.579195178486,3849.125211419008,4689.958979482933,3545.04887218687,7464.134194595024,5540.796232820165,5107.265618696889,5181.818497120081,5895.105731841796,5709.491048750992,5177.781224749298,5889.030129807882,3788.257000679641,3463.427312679212,4846.970000083073,4589.1536784477175,4596.036602942808,5615.788262980453,4539.716864188891,5226.364689376003,5715.425965099728
Tryptamine,0.0,51907.78552685882,56340.39164892521,48938.74616444569,40758.21435588705,44554.69236318225,36849.020418202985,33506.969931928295,35813.94176458204,34998.423508725704,0.0,35926.08545159755,0.0,10614.114279533444,8634.722918746305,12391.589337720678,10329.79800762757,10280.70115410708,6322.087331051172,9961.046687865495,6859.452024737666,6103.903108549517,8394.579406142055,8125.925343591297,45242.85044310412,58257.96253896974,40723.90727182022,46526.226669350246,42791.2094949944,55443.96164536147
Asymmetric dimethylarginine,5995.19632356494,8944.991912291,0.0,5994.1807387227145,9773.90085809808,7293.55860800045,0.0,0.0,8166.501119598084,6729.53935689533,9192.421451782984,6428.490683331296,6105.562435716516,7027.94064869047,7430.851583417172,7893.727744306255,6907.168843924915,8839.224360451884,5461.67340312166,7724.052034614734,6543.968361322292,5759.464909751724,9109.099614574814,6370.2492030458925,7798.215934340521,6078.241085175765,8288.542157435762,6047.518974633233,8676.033198333911,7022.146350748245
N-Ethylglycine,18619.89903459812,16236.75296664396,17778.068959516324,18971.461245921404,17517.255643181164,14118.342467830416,16723.75286896555,21658.50595311722,27959.040303634974,24260.953150620484,0.0,21959.45094894877,48368.28907396,36038.62700506983,30909.01479907138,25860.68436288143,37668.39636398186,30463.33872048315,44114.08620322121,33430.587748842074,26714.962485491837,43105.474146736655,48281.91872412356,41294.64909138158,16241.161313944567,16759.66627350151,14972.754296534433,16388.13615777097,19098.24849956548,15816.352065100862
L-Aspartate-semialdehyde,25673.65416497651,26766.26183386836,24498.213822641268,19943.97479691827,28763.740855418684,25855.200179752428,24854.859854466536,25053.171825023524,27336.512959313983,0.0,23821.509999290454,22992.78420687266,31215.01135995012,26754.815248614592,22047.398225516627,26148.97579076246,30467.38177067203,39701.49208148272,21082.54556304608,18812.60936945812,0.0,26178.794206639603,20743.42018536552,29918.00380658319,24648.451305332743,29938.587861237316,28884.824893558474,28192.92996846036,22824.866188757307,23961.66819276139
Galactose 1-phosphate,0.0,8919.860375749024,0.0,6551.376846183805,7416.464027823765,6569.478578261796,8196.757773847656,7126.613089796735,7950.416692367777,8809.037513466103,8315.104500921507,0.0,0.0,0.0,7824.431385398566,7190.08780281428,7918.262993725829,6378.572506231462,6738.893462573237,0.0,0.0,8638.738717087117,6999.718078731436,9131.769010420703,5864.382679376609,6941.385879723684,7930.529384617406,6354.250620132154,10313.964031667852,7356.513830625157
myo-Inositol hexakisphosphate,15248.791866912386,13487.591700910503,16013.577879863347,0.0,0.0,14113.071132426176,16371.43213029028,0.0,18040.310187759293,14415.507092598322,0.0,0.0,0.0,11131.2933421599,13219.690934874758,0.0,0.0,0.0,0.0,13414.242126439758,12644.26282467295,10645.73558189309,17371.278719337766,16094.981620862747,13866.083564629567,14784.757858500489,12694.575538030758,12807.795016250697,14585.996776516078,16716.16139020184
valine,0.0,0.0,0.0,0.0,0.0,0.0,11592.409546624089,0.0,0.0,0.0,0.0,0.0,0.0,0.0,0.0,0.0,0.0,0.0,0.0,0.0,0.0,9213.272523500242,12155.573444306014,11107.437612922962,9257.64103494636,11095.970846600609,11515.998498581994,11159.383868278026,11363.44559624625,13661.622300877469
Deoxyribose,34161.006985329775,20389.315090123844,22699.176098055308,27294.085437784623,22648.13136606128,25372.870012876425,25073.636809015843,30503.83394218929,25472.40115164162,23217.705542911648,22494.744038995977,20895.459661478293,23219.383502999117,31960.272797471247,24352.795858853544,25145.101470738235,0.0,21942.88885474471,28210.69344613856,24984.39150305396,24163.52744043847,29854.68146358131,25409.602444597476,19143.28556803461,38047.293486346745,30417.81002000758,26638.50000037269,18843.230143835444,24145.279921886256,29291.958897643268
Thiamine triphosphate,19054.60957536217,17522.675042793388,23512.08544929532,22170.06266626682,17813.732459046416,25107.105824032144,23881.11331441684,24177.83917604849,14412.476249800562,25100.872275272424,16868.900300603338,21312.207959470205,19380.95856417252,21520.725100083662,0.0,21458.07991293956,24069.95608053269,20010.32847218225,21526.06261806272,20853.390306155063,16108.260599175408,14857.924053552708,24427.9064347985,23033.07782888455,20614.429332116688,19218.79802708672,20244.211967023715,21582.621145218767,16842.28566779975,17466.67116082673
Guanidinosuccinic acid,22540.57351046133,17884.765082612314,0.0,19493.54748518711,20443.664086427925,23934.66302092541,17931.93325480138,18491.42901660528,17784.25758466755,0.0,15048.81007158958,21220.19116769085,16284.031494201454,23166.20069995097,15038.048701667343,15487.610512136978,20388.65525624461,18400.18167245156,20726.184665622583,0.0,16723.93719915959,15845.68711379651,17738.124748326787,16672.95476102812,30970.937099646508,21294.43281199804,19209.9857104526,21974.31430562763,20874.171852284184,24432.034389598768
Leucylleucine,103558.96104313128,132222.5627726716,132785.07071144824,0.0,0.0,144378.49043864742,114012.94302782822,139881.28324677906,103847.3625196327,110349.09768860233,119208.50434269734,109789.593423332,98041.3024765492,0.0,0.0,132746.55468589504,113874.09493621436,96222.44717490696,131182.06384539898,0.0,113534.8204598596,118639.81550707444,133667.68803898242,147011.65164059802,106103.7777769308,107970.89249452316,101302.51731053158,132973.16143419058,112662.42191342676,102739.49545676044
Dihydroxyacetone phosphate,0.0,35213.3644051556,29096.153831399697,25048.73572480903,0.0,0.0,0.0,0.0,47225.92838983835,0.0,53178.56322479908,63476.58585358478,74559.66328031349,73981.82614868802,0.0,58765.11807404212,0.0,60645.97814193693,0.0,0.0,111392.01320696936,0.0,105840.41541534648,99299.03566886624,47939.02920256406,42623.639678291656,46904.92820117948,38580.3432326961,31177.52324812134,59022.38705826221
Thiamine,0.0,38377.01804223209,0.0,0.0,35886.329986581906,35632.76707007992,24109.23145981708,32737.844897321054,24637.42315761229,0.0,0.0,26741.750481857413,27332.95562579353,0.0,36886.2205786314,0.0,0.0,0.0,35430.10650395036,30513.493018293724,32717.082458806217,33528.29292764656,0.0,25869.778739569825,43784.29336668504,30309.646791672283,36488.89555886018,35730.60852049069,29340.16493286922,38761.34183414854
L-Citrulline,77388.39178424554,75362.76488585657,77871.94467008718,59206.80529679021,69453.48910647127,67731.54386469278,58651.34439808232,68148.60379456503,60377.46793510446,64881.97157489095,83554.73560277613,71670.27356232046,55464.23771375697,64344.500164755256,63649.10658147571,82966.68286075714,70186.16238177038,72136.29436302012,63814.24232294296,66392.24214890398,57346.5509847969,81030.23001970707,53370.70951394593,69949.80927697734,66243.62247928463,69151.44354857258,59611.94117890898,78201.78819342799,58903.34539443579,76221.4485906677
D-threo-isocitrate,144505.17019408004,154365.3963904218,208029.6365930251,121070.0894805091,142029.78299918064,131546.33204901003,115122.13674385016,115317.98574155664,154135.19390660946,133894.5991205417,129771.8589374898,155114.62675594815,130811.09384505214,126432.717893523,92799.73844317497,116129.50643184155,0.0,115783.72637683385,0.0,159422.64464313933,0.0,139678.39623534607,194707.50951728944,152304.03669504766,131370.94694857497,136301.43877477842,121686.08796002786,138272.23775608686,103468.29429612936,106537.5428835236
oxalosuccinate,85115.55530162674,81916.06316492698,83089.12568901516,78497.82828703005,85743.7473426432,113953.0220085374,84832.52636365584,87184.72775115377,0.0,80395.8541531679,113832.26611292418,63866.80576587578,79580.27575180019,76259.18528715384,102590.8269547204,98261.77928688016,0.0,102523.98307847,75588.11342542409,75658.27569295853,0.0,66969.11268796702,82747.07704132145,85294.29605668459,96588.64754148916,106734.11099455845,93593.5725720586,96051.64257997715,85899.15370751935,69411.89239017623
Myristoleic acid,0.0,9004.012277795817,0.0,0.0,0.0,8389.960386255072,0.0,0.0,0.0,0.0,8757.59715103884,0.0,0.0,0.0,0.0,0.0,0.0,0.0,0.0,0.0,8253.623212169518,0.0,0.0,9104.094972365434,6502.082790438556,6568.845398619068,6000.612569702147,7988.779599781924,8981.066966389917,6727.269083132598
Deoxyuridine triphosphate,37267.308394315376,31624.40928636955,33753.48443913036,27927.26066288276,38018.89236484217,36583.61917577506,47482.21117250664,52009.69231424202,57386.09859165786,45244.00500661419,0.0,55975.29914880469,52306.08324378842,76257.78685723874,70097.04182430197,84409.08782961023,80024.04649984773,81329.53692632569,80336.72648093528,106244.2258807002,72202.90283976888,111689.70184244848,86024.13897980997,62840.97526532663,39486.87235107191,39433.34483018607,39709.36485656274,34556.44623198944,39923.70193627279,38418.11816840084
D-Cysteine,47418.94821976866,46032.77799850221,55467.59194485972,49566.85385784074,43356.10724621503,43557.1319091125,82424.25196423383,72013.4839182251,71392.13803376291,86901.30798719794,66793.55715525211,66441.42319883076,106935.24095922092,0.0,98979.829705757,117011.3104763576,0.0,82717.56262717435,127177.75449317228,120439.09984499562,154020.78756411755,0.0,127422.76924722936,119642.52758482976,51114.9963462529,44804.76886257041,47190.75297096212,50801.84804239637,48478.60650352508,45994.96413847361
Palmitic acid,48607.05773913783,0.0,63445.172400525065,49328.4624250556,0.0,49841.44734829676,63908.77047186061,52329.22484275566,58098.92794242159,0.0,76375.6601427776,60782.5454861856,0.0,56791.02003095841,0.0,65560.89923504235,54128.13329220443,54324.74470198714,0.0,0.0,0.0,54243.69653536125,51449.90414901528,64092.42351506976,54123.98253225055,45135.98185421647,39686.921249738734,72223.06589461387,60119.293448025885,64277.98962669133
S-Prenyl-L-cysteine,0.0,32624.19365101065,0.0,0.0,0.0,0.0,0.0,0.0,0.0,17682.742560651594,0.0,0.0,0.0,0.0,0.0,0.0,0.0,0.0,0.0,0.0,18012.959168499183,0.0,0.0,14143.099526892556,18100.493712792784,16752.283645218053,21390.18699627285,20903.494550508745,19401.45809740372,18182.1556094406
Malonylcarnitine,31360.23522977651,39215.12318949568,0.0,18858.94760043071,20759.088228116827,0.0,24368.78872091265,0.0,23274.022475106427,27159.383991259816,21467.268667824657,28390.606492512918,23988.519304655925,0.0,30619.077021956015,21857.482988693933,17908.21543562504,23283.22886730014,31474.80416708657,20735.592106570395,21085.81096003285,25104.23245778757,0.0,0.0,20807.35772734806,21445.7824575961,22083.62450085794,25517.75339649948,39417.06044657897,21256.915796023608
L-Tyrosine,8150.459327589362,9497.596575097834,8746.943455193928,10361.733351680912,9086.694236512943,7957.543452250646,7671.603218451462,0.0,0.0,11527.96264771589,0.0,7141.754968724474,7404.924348265012,9005.15711534942,11314.70177767836,0.0,9938.643220212383,9253.735097215673,13388.12016331934,0.0,0.0,7751.573538275479,10261.63424318155,9810.164383563788,8044.877290016685,10449.792789895871,9273.350597343024,10236.5877088013,9259.265603843518,9884.765723928038
L-Acetylcarnitine,0.0,17749.33136413626,0.0,0.0,0.0,0.0,0.0,15294.120579951756,13587.7448819687,19410.18677812231,0.0,0.0,0.0,0.0,0.0,0.0,0.0,0.0,0.0,0.0,14866.659950262014,0.0,0.0,0.0,11271.412485052362,16949.782689572916,13162.119079093996,15933.118227781648,12296.6302770028,19046.180873902314
Beta-Alanine,6432.37249386921,5972.2354424161485,7405.59814055641,7516.856453912649,8369.00317540553,6504.431881663849,8562.493366421804,6377.040391098825,6326.610515883299,5533.883636227902,5891.259673138575,5341.828379187623,5359.886879738047,6686.121011904966,8023.200883288219,6227.481532479243,7993.5787127958465,7773.939377052422,9023.392226636088,0.0,0.0,6707.822091623582,7551.820244271655,6645.3892474542245,6411.470247745596,6884.886940571485,5710.180644158064,5612.298777431083,6810.046601290166,7131.062292325274
Cytosine,0.0,87401.75847628969,74172.82201646722,86209.56447128915,74331.08925116036,90363.90035676963,63571.705672383934,92035.9100316114,76076.07476090537,55439.102275969846,74442.55192150026,80387.93403336643,64058.22812812551,73675.80600177828,92599.67226190362,91349.81523309222,78443.43656438412,110626.28138627768,85547.28108304704,79637.51424325694,104924.41788249437,84968.74754782462,96421.94354319804,69785.98372188548,77630.92042138784,83900.77757105249,73065.56131182681,81173.21200406534,94024.2774805681,94408.55700941171
3-Phosphoglyceric acid,13256.261387481964,19843.14373960464,13459.319825574006,10058.75326594808,12025.108376976345,13413.976016707064,0.0,11575.295987656791,11549.563840120814,12980.445638087289,9800.691569082212,13509.898548795934,13447.871248504218,11577.826172175042,12555.495086093106,11808.820786585213,0.0,14543.768762802025,11904.56235263258,13913.924872827642,12636.668527585502,12707.104940351725,0.0,12089.705488413903,12051.376192268324,12777.521063940983,13817.460253339694,11513.331011558315,14074.102612576224,13680.498687398678
N-Acetyl-L-phenylalanine,9414.218483130591,8551.780241430772,9266.730677578838,9084.81496586234,10068.051027067604,12336.60962293589,10594.734541565294,9207.756460074144,9282.55941784178,9574.543784277066,9860.886257202808,9394.419015960577,8050.6333675659,10519.702358212226,7962.72280171699,8838.658290410778,6122.2490474265815,9794.725820040569,0.0,8753.926878408636,8531.242779077424,8944.103049926905,0.0,10259.544937736056,11076.817890144375,6911.709161009694,6980.090809839671,8382.685564725232,10209.61095148754,10045.156962198324
Pretyrosine,0.0,33375.913078606114,30329.67264718031,32329.37332255229,0.0,0.0,0.0,29509.784019816158,38575.46489624635,37273.78197274285,27764.227906145195,24308.25919580289,0.0,28390.57478934055,0.0,30144.46772931611,30860.06816650865,0.0,30703.99870325633,26272.928333823857,0.0,0.0,30752.9250995347,30901.59334008263,38036.63535976288,26906.019923161464,31330.85634836182,25928.631194047222,30047.27422405049,38343.14398057769
scyllo-Inositol,21717.49689455336,0.0,0.0,0.0,0.0,0.0,0.0,24244.66680417406,0.0,0.0,25371.400744973947,0.0,20788.70102498009,0.0,0.0,0.0,0.0,25235.53268777928,0.0,0.0,0.0,19636.20328002158,27907.5123861283,26268.97265821607,18938.720790254265,22872.58747444537,29555.03672722598,22661.530915036536,29940.638894510317,27522.1815243283
D-Leucine,0.0,13063.927696734536,0.0,10613.56762902425,10749.69468115628,0.0,11873.586575728496,9719.368550623276,10022.457336209449,8293.08364782493,11611.014796090592,0.0,0.0,11198.564829675846,12103.314631487636,8807.544606622225,0.0,0.0,35021.62520208729,30970.0088870196,28791.36860010262,33082.48193188159,31254.47256141808,0.0,10398.557664146969,10484.408222622713,9939.919281734488,10641.889055473475,9982.401111174042,10092.69704706987
L-Isoleucine,36500.45523317868,31083.095205596885,28918.19482466221,26295.935435289783,32590.672852588083,36279.74372315627,27811.279284593864,30589.18575042259,35071.650505601654,34852.645473534445,29688.05216374339,25544.09262218061,24582.47989540343,34849.1182255622,29813.424694410834,32928.04407685494,40583.84450743626,40602.33260781615,0.0,29213.468191324155,36159.62662756738,38085.28474920931,28093.20214894024,31874.5798418133,37829.08245276744,37688.23467064877,35397.33373855634,36595.79550616078,28930.430176824186,36414.79283620698
Adenosine tetraphosphate,14818.284553383932,13578.164099891084,12364.56935324487,9388.224697757036,12770.048758632556,12213.699503765009,11590.978976886485,11481.92116660325,16374.46918738914,8658.65459849727,11407.93033025701,14624.87489878574,10967.755131678548,11041.9643284856,16000.892348173062,11419.727707494669,14180.144605311125,10903.030224412552,12576.416856264364,13205.900240343844,9979.925006125775,13257.866482170684,12329.70734071218,13817.780380036776,11978.991296908833,12136.346125400916,14116.119035455293,12334.2120704508,10197.85095122719,10329.733411716392
Arginino-succinate,31310.363126270822,0.0,46051.70853696078,37353.860655066805,38741.10427123663,33301.22122403285,27683.88664006764,46078.93698734989,46735.88601903387,30221.614785187157,37142.57660599487,40117.64896713964,34862.285436376435,36120.28884029856,38887.67496702682,34134.067897131754,40271.8206377743,35677.745525788785,41986.86210620797,27272.380399443293,33848.83818419977,0.0,36920.77624400104,35247.329631871464,30021.269008583426,43935.345706826825,41426.43358712364,40638.87109204801,26797.39693595332,38074.947411858055
L-Asparagine,17721.799777797496,20782.128061111296,24727.31680291673,19641.57005346308,0.0,22818.21699156267,26147.44651680517,34163.874227648055,35891.206941019096,35383.439538052,0.0,28682.681820073874,41193.46277724688,54423.05230308852,52864.86775901957,0.0,43806.12598177819,51989.73077658219,54836.81800801696,63197.94245707891,49251.3855268015,52639.32638771989,70937.93581412209,64122.40245700846,19670.16867872644,18840.644081924267,22980.96998826559,19750.921289722784,18846.991413040505,20545.191488085584
FAD,21866.020474548997,28661.41936621636,28205.99047983328,32500.908323694384,27060.568224808783,20541.139847542363,26154.058579882298,22826.29037481805,25462.352748612,29469.41183961821,0.0,21650.642415043163,26782.851664210597,0.0,28458.160174594886,28058.372475871263,25969.27685360634,0.0,26275.86123133797,26879.616523440985,34410.852258756444,30035.37301322631,24646.19250151843,25535.57843824169,23715.51013297299,23768.82462161074,22682.408809043645,31020.14960706877,27307.30889333528,18727.426875925725
D-Glucuronic acid,16664.99815875219,12445.651434982416,16223.932784701126,17945.315280537765,0.0,13163.62476192918,14922.472326877769,17219.00874507892,14933.415306596931,19544.400161971746,12211.328312846304,12774.033992302564,15284.94559533361,0.0,12635.300063216046,16146.964159559631,14792.504688587176,14205.699010027707,16736.648974584994,15913.296976544782,14688.03966968185,13030.771997437703,0.0,0.0,17335.260101953598,16070.962902055637,17750.30643859328,15987.624209847938,16328.285746749434,18940.55763819212
Alanine betaine,14791.43743396749,8067.989430509581,8682.29482224837,13907.944038130354,11732.04857761672,0.0,0.0,17871.58214541502,18861.794177974796,17288.415914566074,18750.27638034899,0.0,20695.983805429994,23178.67458742114,0.0,19237.49679749856,18100.570561903485,23226.485335345136,0.0,30042.8972651813,29106.27445224344,22916.32776509709,21440.8378219253,28029.196735946585,12555.70083037436,9431.222059284475,9949.52860651136,10653.365499314648,10221.761442234589,14469.503329017674
Sphinganine,30670.92062359917,28988.240507528197,22874.235354715536,36004.659225795884,27249.877481700514,25515.918120922823,23879.90308724273,32903.2769759714,27244.112624330413,28956.79022253864,25160.015503529496,27524.9304680532,30155.03268667657,29761.4230262615,24255.813370700893,31869.82917456454,26013.868989456794,23964.681574788498,31509.956116743942,29995.9820877109,37708.63800782921,30882.280944896946,26625.16136140282,32255.978863233373,25271.903019101315,27827.39295388466,25562.39298504197,27187.02069630418,33039.02545519957,25250.36176833137
alpha-Tocopherol,4537.396630158953,0.0,4605.627900398697,4163.603975593847,4468.9183575521365,3940.294378437707,4662.794937260798,3574.7854984086293,4740.813121186732,4795.872748866475,4238.648961034785,4071.849127241029,4249.680879342812,4726.919597611943,3805.670413318734,5014.774234282202,4794.796008584935,4994.155238488321,4791.533161272501,5015.195475114057,4893.15243209351,4140.287640769378,3971.7060250630266,0.0,4716.731523617819,4403.454929144332,4415.462326272125,3966.790880088488,3918.219157962538,5437.477642009654
Maleylacetoacetic acid,0.0,77980.8176959657,100183.59145530894,77402.5258890919,80758.44920272191,75272.88731736437,67116.21282909698,111989.96413769457,109829.53035188618,0.0,83965.46259719449,87713.6192466782,85514.93164101988,102325.63500038483,59348.99152861337,91395.77496326664,91218.8447313237,81383.65194428116,55332.13113220713,64522.79927745783,95125.48822380994,71677.53591501474,109972.34334441445,114275.32556317309,78424.996507551,88482.98334323945,75567.97250305366,84440.64471290317,70859.62705764169,88667.3118385846
Homocitric acid,12190.849806429136,10498.536157697965,13388.726616892543,17308.307645768735,15811.469429184504,12543.258761900246,13656.410562298475,15709.321960265204,0.0,0.0,0.0,15230.16938091658,14382.818766282911,12860.684140088337,16869.889291355896,11888.79314991057,14143.55573596386,13405.929021283297,16572.430507431203,16659.238337341325,18434.222447724707,15377.382914273518,13631.17261285756,9247.591541799186,13227.070125493452,14780.950831677128,11542.334568328208,10525.74603990144,15268.811379256533,15558.86844919057
Pentadecanoic acid,143070.2673550954,203891.15168463835,146538.90182609862,174461.92343882943,167919.95013843174,187765.31669563008,293977.02542675403,277895.3431625996,225521.16178703145,243613.64370951743,237098.21377987653,297166.2808631939,437179.6035361601,451531.8766166002,400044.8617696609,0.0,430584.7476853852,270044.88668693294,422460.77296620107,444025.9808454776,0.0,458013.4290203117,428532.6137695873,495552.0044394517,175313.11345687794,137616.2041620315,182527.39095957016,154837.74349001248,164988.66264305124,146327.27811054513
L-Aspartic acid,43083.15146034962,38827.51774696645,0.0,0.0,37878.463286212784,45037.378092328654,44175.87246191182,50331.13950084482,31316.01385997726,36481.3641812048,46658.32718871181,37805.78565236044,43423.16948122678,43983.091911201016,43674.84204194704,0.0,45126.12092247712,0.0,47795.83658587077,35053.29906365269,43923.58499093484,45877.2341217147,43224.997450430616,41324.063184124505,34900.88453378871,55995.62586997907,41919.10500236911,41206.09718623832,42899.89068226564,50917.017846617295
Deoxyadenosine,24742.65970234506,16416.084140294253,18840.02212562317,27849.044791300053,20991.34882102341,18663.204015997144,18400.24678943685,22557.744282889376,20856.43195331039,19131.950923579472,17737.062076795424,18396.65513335889,0.0,22182.552846796138,20879.570059080208,16709.912132529113,24057.03310788982,19465.97111322535,19906.83123512312,22925.4646724385,20635.927066551238,27447.9316554634,0.0,20087.34744166662,19259.46570665678,22226.443113438618,21411.56164860337,19147.90305274857,21500.12699502564,14649.820017890024
Acetylcholine,14084.36348495099,15369.214765709785,16898.809051495304,15169.276173394112,10950.755947740718,14109.318807670388,12115.803424591812,12031.813155035254,11888.9531885061,12005.778239956544,11534.537602978604,0.0,10574.266159985686,10771.523815429246,11692.5369915423,0.0,14362.69791921414,11885.512874373237,0.0,10793.422606945553,11477.527386879065,11807.114940125955,15285.31949424439,10372.91501196833,13445.26540372914,13450.48856490746,11427.849759117737,9495.436334434207,13013.201067533935,13300.82084646665
Succinate,32318.69094910658,34766.950587498104,32740.5650454928,46189.341032072,34402.58171751516,33685.7452216567,44140.3639643618,32415.51054970163,26218.50476986905,38814.89871511075,36106.37964530632,44159.07177319485,0.0,45655.12748664817,32988.09481974921,38074.232458717066,35510.28714641597,0.0,37398.80457778853,39368.39606713174,41677.43562109169,44225.49943101259,50528.80247920192,40848.10109490681,35007.927417404055,38801.75942191896,38045.43127153759,32120.68970359965,41263.71441703193,31753.781818260253
Ribose 5-phosphate,27285.643603336764,33761.50165201582,24719.60721737053,44524.93906926071,39654.1898946207,39299.19905251091,32703.071433710906,35210.04688716179,28929.55156585542,0.0,31067.724570239112,31484.463714511603,42580.63878733331,38979.44130240272,31798.13567044153,49367.26398763521,26174.90399499288,45394.54731687504,0.0,27397.277893066446,32703.57584649267,38297.07616986667,41829.79979966642,0.0,32303.837089881385,45694.53307274313,31225.470489375457,32786.39855111615,36251.81001576437,36422.38382763656
O-Succinyl-L-homoserine,29238.02801697364,42400.24687635859,36607.63915345123,33663.45053223813,30267.34914505322,28850.745674445287,34617.57336223908,44510.14272728402,32234.50525214245,44055.40920377718,38691.39535214448,30335.642141605927,35078.51128617212,39405.245401486485,33055.96588916514,31610.62555109057,38889.63502049884,31573.92127350094,28525.61107579981,27983.927211164984,44896.95658762253,0.0,34618.388019047576,34058.76574369468,31677.70495777609,24302.89937849443,21572.859577162573,33235.50028459044,34942.67351673779,30421.23472670206
Pseudouridine,40197.16201054631,51698.318733387736,43663.80458433796,51506.23056375889,42279.64488014928,43306.20620561326,51704.907027972346,51963.81545326512,52220.69733289293,51224.10651767263,46364.54963932282,48429.68016385113,43053.73599912784,52656.36990285808,63977.30498259198,53142.12905925354,46108.06426553411,42169.28843796533,54800.82710938364,64812.660856936505,50650.54204244514,51728.04455348704,50593.740874955656,43294.41049514293,55247.69585056479,34562.9477276969,47851.760853129694,50631.37178090021,40526.18276741019,39234.82976267817
D-Alanyl-D-alanine,23554.59486862399,29210.25778535779,25446.355417221093,25199.82349162036,36459.56002494964,0.0,10549.31086802307,9882.651528761551,0.0,8249.149937813385,8014.62944435268,10219.82201669567,3329.006712658824,3975.279330997093,3689.063410199789,0.0,3550.030031017003,3173.5133175287115,2875.1734209826286,3856.313803644897,2723.0412443956197,4283.879746086167,3030.728341792544,3392.525067064709,24641.3504552179,23791.20121010722,29187.800283220837,22544.066948990065,28905.12972793425,23508.060233643573
N-Carbamoylputrescine,72976.46153975096,77937.88042981524,63758.4106371544,64132.017298885,62876.2309877249,89315.18298060416,0.0,66799.61033696384,74837.72070981536,66336.86085283569,96492.161550634,58165.365834378186,59763.30513682104,60020.66692440853,79566.45537160672,63832.41005086505,87163.19422963847,77561.14679040665,77638.39063210618,52123.46222604153,59869.43639176523,82663.1661843933,89760.00453963703,68119.06503888183,79458.610328567,62860.23230947567,78383.93236455598,59787.511444179545,64581.72066653762,59242.49321328338
Adenosine triphosphate,12878.31293279006,9893.160610988203,7947.545036687047,7508.450700757607,11888.7750939233,9679.31531762282,8843.13218616378,10175.690255314672,10595.501266798365,10263.299003623832,10923.529465616391,13019.320598116648,9499.396366552726,11412.274958675996,0.0,11625.560207304905,8618.159027873173,0.0,10008.958984128634,9606.36294775774,9775.505641802334,9326.722841572257,10473.277563705553,8349.296756416254,11994.31176691298,10643.292349160292,12779.234878753798,9156.856024452394,10709.075479626252,12115.393019370287
Methionine sulfoximine,17304.338217634384,21357.59763819261,22407.734555399085,23628.43296438705,14319.61008680792,17582.952230185518,26740.37672051485,37549.36638119932,0.0,34226.44992889536,33902.087186745724,34716.302779718775,46366.91029267474,39496.30845872089,46122.046364974354,41932.99989305488,37184.59209097657,54140.332280282186,64457.8352324291,54340.52955165831,54854.06840242207,62010.685563555526,39640.375757482194,55354.54015344104,17349.154316434255,21372.32712386496,18874.07913324976,24238.445543711867,16065.596297712244,17489.65146469719
Galactosylhydroxylysine,47274.91401760862,54424.17576023878,35590.91699968759,39606.4710260212,32913.12897658116,35221.12656494893,46181.8507762257,48861.43767367056,39615.14414976256,0.0,42318.61068988311,34598.87497893089,43609.58431180758,43732.16538711755,45833.5484580185,49264.77075764505,52037.66275952455,34393.625916483135,37514.33730162722,0.0,38068.509112525535,30948.15626469222,40681.930897988976,49898.392157638045,41228.46706666806,42399.05489358245,41960.96210289343,46554.65453094894,37246.16024372817,39041.11249708586
Isopyridoxal,0.0,0.0,0.0,10192.90172134113,10240.28949672745,12629.691074646687,0.0,10471.97018195879,0.0,0.0,11511.351522136534,11199.672489613811,0.0,0.0,0.0,0.0,0.0,0.0,9326.244178087038,15085.52148932448,0.0,0.0,0.0,12742.7545726242,9465.277801626107,10044.503843479188,9363.57700803286,14587.001411570933,10747.706011529985,11004.861808950203
alpha-Linolenic acid,22616.515565872443,19148.31861619495,23859.07104953992,24123.103011634976,22800.14273456503,23749.71421678464,22503.56424053452,17961.118455695138,18108.365263361527,23039.658806475098,21070.816064912786,21623.01321696203,21351.525163571485,22067.2414586364,30738.84232494432,19323.96436623433,22155.83596183529,26984.59565458154,34609.493461104896,22709.03695077568,25121.83021014859,20976.278311452414,20898.227733620803,0.0,20448.729016498484,26269.616739983478,22446.35234822665,19858.481369420777,23273.53845404896,26189.35944600154
"Fructose 1,6-bisphosphate",97662.5965467923,99611.14746385878,94701.3796544024,107954.42692803782,104720.0236844867,115734.82477409155,79009.89231315223,80783.64938305647,97341.75294732148,108135.89169302722,105943.73493165702,0.0,109987.3613314812,98527.33247542432,118254.56575804358,95041.70737544824,0.0,99103.79350359165,83891.03321332969,109757.3879409345,0.0,85873.28864674052,141132.54043200536,118929.0215427986,107491.78894052187,115732.08975669347,106419.15194844744,110474.632687668,91590.76925969632,123241.6466192472
N-Methyl-D-aspartic acid,20239.727165668915,20668.854266500224,27282.460905409967,24105.44236502023,26252.92899461914,24643.131954145872,23873.487278356395,28482.8604465096,20251.38721033341,25626.60114272252,23375.959692190238,29990.660318998747,24887.484953015628,26777.295989103783,23278.46379932432,27341.25777385692,25675.644013744764,18488.4296659042,27369.97490069788,22681.691674034988,20785.183972076196,30921.733510538063,30851.462765046854,25877.37057354845,28337.323120466288,23449.17577525523,29546.98338879511,25210.738441488447,19064.37035176017,19080.14402142704
