Metabolite,HealthyControl_1,HealthyControl_2,HealthyControl_3,HealthyControl_4,HealthyControl_5,HealthyControl_6,HealthyControl_7,HealthyControl_8,HealthyControl_9,Prediabetic_1,Prediabetic_2,Prediabetic_3,Prediabetic_4,Prediabetic_5,Prediabetic_6,Prediabetic_7,Prediabetic_8,Prediabetic_9,Type2Diabetes_1,Type2Diabetes_2,Type2Diabetes_3,Type2Diabetes_4,Type2Diabetes_5,Type2Diabetes_6,Type2Diabetes_7,Type2Diabetes_8,Type2Diabetes_9,MetabolicSyndrome_1,MetabolicSyndrome_2,MetabolicSyndrome_3,MetabolicSyndrome_4,MetabolicSyndrome_5,MetabolicSyndrome_6,MetabolicSyndrome_7,MetabolicSyndrome_8,MetabolicSyndrome_9,QC_1,QC_2,QC_3,QC_4,QC_5,QC_6
ISTD_D4-Alanine,11365.883228683815,12576.166901899573,12406.804218246722,11245.88192205291,11781.37135854134,11402.939986459502,11599.923120900692,12334.869557916074,12544.590136978108,10674.75497380646,11562.28060248367,12048.07038987064,11806.622424390533,12173.400278741898,11909.04257402197,10995.95409368024,10798.35397095059,12041.873601557349,12187.398587663323,12758.533396419827,12745.607120471825,11118.069447516964,11955.304770923272,11553.193216284477,12198.847049634694,11307.25357069582,10785.256549472224,11108.00612809462,11974.00326174025,12040.33735045022,11907.519418585922,11025.384999271424,10819.314695869614,11570.716779478673,12193.917598847906,11124.650083746608,11573.586618119833,11903.053806232092,11810.569458957709,11741.880812687814,11741.998535053324,11215.886334981717
Adenine,27958.52994333377,91307.3085830736,53943.55472292501,38082.70052502971,72604.10300219154,51144.44306434643,67386.6746698553,59678.43736427885,42822.25358205351,57395.2105322081,55449.62824076977,52585.6494124442,56892.20602860831,56690.76433355707,57275.96708108232,0.0,50997.46984886778,41695.75138748509,0.0,57528.71235942328,41318.64246066308,67658.55340498383,80911.45285029287,57697.34497544269,0.0,46998.31427245989,0.0,69771.70981191388,46165.14385446956,49846.14416480086,58073.25093195469,47483.41372950946,48933.312800716136,60059.826998215874,45766.38590932627,38995.68434300339,55518.84235635128,48423.28892217539,43767.487965423046,46569.64085537327,62052.95000986412,52229.92907796048
Cholic acid,11209.59035365916,9603.974221128936,10631.997418310668,11166.579466423147,10936.351733278269,6794.568315707241,9399.119039473788,14501.820091894557,16583.636231905715,11940.553211715289,16428.177477215064,10090.841770298488,0.0,17895.807822278035,13458.753128741177,0.0,16418.80955765139,8542.655042837758,12361.912815829031,10916.94648524073,0.0,15452.443084362909,12378.896342038255,13605.812861016817,13290.0108158542,10715.238050518652,11494.539963798752,10287.363694963897,10615.151739729205,5513.377786338993,10692.775859409849,10042.37434280608,10412.84279357452,15789.553961513457,11093.943401965806,12653.393956871516,10735.661728433592,12426.164621333106,11581.63515922983,8928.60114928954,11049.413058409356,10562.920837167349
Guanine,0.0,0.0,3053.5086374039,0.0,2451.33334195071,0.0,0.0,0.0,0.0,0.0,0.0,0.0,0.0,0.0,0.0,0.0,0.0,0.0,0.0,0.0,0.0,0.0,0.0,2101.9778078548043,0.0,0.0,0.0,2153.256495030568,2279.314855658379,2786.064997397358,0.0,0.0,2509.0561576590208,0.0,0.0,1649.7812937829913,1998.851191243588,2298.7632547457265,2228.654213638933,2155.9070084350524,2888.1639082311503,2689.336876725514
Citric acid,75483.17535565868,68164.78361075261,78586.86825436498,54030.98529685784,91458.39708082884,80626.14322526524,56504.05080271144,53650.321787077766,78178.38386039759,95350.9205787118,60006.24044463409,92871.18912192262,61053.56631987445,67271.18876340528,54948.14627993036,71979.78411021097,55575.585836900704,85662.20874850378,58926.15888719322,59841.1233497505,56860.192849325904,69800.88236477316,76687.22281388607,70327.88482611493,81081.87538264765,63245.12310793608,39478.99114649441,99447.55909264548,81864.75453902027,76460.88296753804,52924.91228445704,57930.53112022606,57053.797593031486,0.0,64884.80165069431,74208.84983263382,65995.31524984278,58729.79177150633,61748.09653477505,60645.0143156909,58839.79833409603,69989.44985245456
Cholesterol,0.0,34526.265405072896,0.0,15262.845566627966,21308.876571882545,22632.12674080562,18202.402149607187,24978.088098072865,20091.522558754405,20147.68313524275,10283.80310664723,0.0,0.0,0.0,14603.923461669445,10646.439469592127,0.0,16597.581193650363,0.0,25989.502940799044,20289.18614774263,17647.808223905802,0.0,16725.81994868895,37220.49446315954,25130.305078762,16142.416297513617,17882.4835221802,17939.605849219384,12450.793682673278,13978.296947648494,15496.09047850285,15790.703703776677,14898.309635661144,15167.140864400277,22732.561791349846,16553.101389375668,19542.62227484049,18995.892932617266,17816.852079954348,18804.14194694692,20101.453102994707
Pregnenolone,10036.039612110604,16237.2152367604,8319.204783967656,13679.032826383527,16422.880977937097,15071.75603429329,14767.946521094842,0.0,0.0,17549.633032946655,6199.40213910679,15201.099419533331,13824.779142010351,10162.648901417264,10607.834753002282,4891.99733949323,14774.005992358032,8039.070653614031,8093.256979612032,0.0,9714.292029883776,13709.355281742495,6790.133417292052,10284.18520473099,18225.310990735623,22081.02395911904,11449.834994071864,11509.851823119678,14041.882360020423,13758.205905178573,9008.026569899936,14729.210578472726,15386.857963739236,9874.85085974747,13863.32209321748,15728.761790855631,11926.612248241316,10784.833257105483,13645.643655812326,17088.173001938776,11378.81642688378,13633.542658204537
Hypoxanthine,6982.7738592501655,0.0,0.0,8968.111433625878,14599.081925615874,0.0,15208.512668042864,0.0,16137.53422341219,15417.086397706264,13139.095996572318,0.0,0.0,11542.522099431955,13677.072756978589,17177.732556645413,0.0,11199.721594321978,0.0,13052.347800863508,11564.100874860746,10553.38877129388,16391.315714873963,0.0,10542.278190986066,11258.750721124015,12850.566886709812,15590.667938478704,12426.857895686404,13992.496451352594,20724.163003502348,8270.354071132559,0.0,9162.372927086792,17896.753751454984,0.0,16019.563919163753,14236.52629762226,15608.075722460975,12893.24417071754,10500.093532422454,15698.485900896936
LysoPC(16:0),0.0,0.0,0.0,0.0,0.0,0.0,0.0,5138.604994853176,0.0,3881.946214809744,0.0,0.0,0.0,2830.653817049151,3619.05019002444,0.0,0.0,0.0,0.0,0.0,1917.162065995077,0.0,2756.563387990261,3865.1774557971817,0.0,3220.623677460288,0.0,0.0,0.0,0.0,17255.651223283137,0.0,0.0,0.0,0.0,13232.868551966369,5929.2304637268335,6595.912685434972,5000.23820221179,7428.11651740132,8004.188989810381,6637.576621335908
Chenodeoxycholic acid,24345.22326714681,56181.23279959023,0.0,0.0,34832.90281857377,17050.83359723284,32639.101589154747,0.0,63352.63567136942,35994.617069427964,0.0,0.0,26148.25575157981,128098.4701391346,67362.35114434296,0.0,0.0,72124.55105703254,0.0,72584.13212854734,0.0,0.0,88081.0060594433,0.0,61777.80825751541,0.0,83684.53890438158,0.0,44428.49314382224,29571.48825597836,54284.28170218635,0.0,0.0,69106.9903681542,0.0,84842.03754039238,46163.517924440166,48178.32968181516,43227.11208277765,41755.52327134397,60062.755970703234,51380.94838571431
L-Carnitine,0.0,23311.126062153453,17782.75193759112,27556.806795566485,23074.608720086613,21165.481090356552,33425.936092992684,24383.105540620425,0.0,37584.850325906686,37998.678449996114,36008.91610695631,31884.14087104089,22717.87565482093,35474.42363135618,21708.19250586401,0.0,37765.41872903338,46330.0382343681,27059.45296206093,24090.52811403209,28233.409509616853,33455.181614879766,26899.62318037782,39967.31064303994,0.0,16972.688352599325,25272.20101202416,0.0,26230.93390459827,16038.321920904744,32292.03236837474,29077.33851713722,17627.276366104295,19227.571853776422,30535.83102148968,26073.035488015164,26256.78882399276,24953.144100295554,41609.78249953941,24947.7780838576,22652.31650062965
L-Alanine,2198.741775332278,2992.0510905608025,3592.928921114557,4511.782935989671,3365.444522689172,3585.369087427282,3786.092447441557,3063.5258732964166,2555.7452494756835,4026.379415733573,4128.001675388953,2703.340094794974,6040.491456682721,3119.5653073208973,3188.365073197924,3649.254680848108,5181.657089365337,5047.906438933062,3989.231616735172,3516.7156019232907,3843.628930190546,3286.0073046620696,4332.11620126671,5816.840696819795,3195.7444137199845,4064.682076482293,3565.985578366189,5886.610142290772,3741.576870700414,4225.491276575277,3979.212742878033,2858.9708119777592,3160.6829023824635,4850.552175959048,6868.215081029696,3822.408930106477,2573.4363176356246,3084.305148212592,4157.236613929137,3918.17177020426,3748.569825722565,3167.97589109322
LysoPC(18:0),68471.77770499543,89737.82814438808,131647.51122931452,68395.85292165715,126879.8419332334,93690.25850344825,0.0,92499.35281989386,81389.81926449745,105736.0109579103,89035.39624469857,72817.35038156564,66117.14648289421,88917.58225404666,93737.24539278098,136609.073048136,79423.34475767608,115562.13128058634,135799.28444391888,181746.24614512207,86995.58068036256,99497.99545464692,89895.36034032429,134888.14389125002,85655.93252887286,76193.38411222752,0.0,61226.67810397877,153203.45227844195,115426.3455134316,159429.89913742468,103192.48874186313,47099.019715122246,99596.09709433834,128955.20620691478,107672.94505421698,113739.13973303538,112059.20445540053,115162.56337307382,114256.34353261787,92835.85979554566,84028.44011537047
gamma-Butyrobetaine,14099.49428473114,21350.135553544835,18111.15866749703,22534.518074803906,16349.82270284996,13442.852863706124,22046.27336439438,15724.169868856685,18286.158894947508,26486.137290872062,34777.823874427304,34988.70888799284,22982.75613402501,17829.891257285475,22257.82320504316,14288.743920507051,23175.635719649395,24765.53873084932,36061.95609280442,16495.18377728275,0.0,20200.42079034162,24069.126588416835,21977.257144655465,27205.80608071949,40480.30106760376,6901.128069847471,18520.699811647224,14419.690366399009,19646.630433233924,16962.738440762692,20261.2863575652,18094.65669654581,11162.551914491516,22113.83673092916,14962.7950590451,18427.99825194268,26307.74477935296,26401.55863887756,18598.49242019052,21712.238051107022,24973.41396613116
LysoPC(18:1),105045.98442079128,132920.10050601463,131378.294049554,84522.01117619971,135817.93732447323,0.0,163501.7104962721,136679.14659370776,0.0,122862.03198440652,0.0,100204.1203319901,85510.7224573325,102881.36226468168,0.0,129882.8903955186,94565.56018592889,118025.81017960233,157374.1029439492,122636.3184386385,119374.82662015916,146004.67243958352,124902.98862523222,184231.5872943856,98932.75158887828,144161.85786922128,183281.21439154845,100096.80413612092,0.0,138864.6414631975,171813.9033968017,137102.64298594452,95994.68128871395,99229.92143145551,120134.31461198987,136550.15285973332,108118.30320211157,130939.43010630945,126433.37256839356,109035.18273433072,137380.99610274634,100741.51351507656
Pregnenolone sulfate,0.0,11241.883827960295,0.0,0.0,0.0,0.0,0.0,0.0,10201.38120726011,0.0,0.0,0.0,0.0,5631.654337540485,0.0,3797.925596191521,0.0,0.0,0.0,0.0,0.0,0.0,0.0,7873.5066675143935,17955.717780892926,0.0,8129.555393633944,0.0,0.0,0.0,5680.523254345007,0.0,0.0,0.0,0.0,11591.26699424841,7907.423042675911,12429.742827877137,8059.731924136056,9292.075412400529,8486.913915605548,7017.214351116867
Cer(d18:0/16:0),27437.80507524029,0.0,0.0,32297.07232460537,23525.67160572153,15842.73956739268,0.0,25077.213907150224,0.0,23813.16838444216,28508.4211130945,0.0,26426.140482572555,0.0,31163.831118627542,0.0,26425.45414855612,0.0,26921.061310420875,0.0,0.0,0.0,0.0,28836.50421001451,22137.862726736326,23779.998161947395,50018.3968711371,0.0,25184.55180739832,26138.75129567096,21129.4529237282,0.0,31441.45273291083,19739.153846407487,39845.77810122602,15149.473896754209,23272.939046832107,24660.482636125154,23493.55819283124,26160.025918644507,30269.093964603384,23461.43894240284
Xanthine,13536.4858740232,34553.26681582898,21891.997927671026,19739.556888367395,23650.18681704032,20904.020671967133,23770.614058352618,27070.758557118377,18611.159402981008,31767.97071371706,0.0,22350.938816398884,0.0,18091.98366877471,21696.857570994594,38526.79731428619,30087.01069965732,17274.368302963343,15184.1974430439,19157.42006405471,23019.009507155213,18309.16347126515,29620.520732196383,29042.058320319247,27864.417661995984,15569.0309369329,31786.336623338244,18020.749838823867,19440.91328814769,20224.742517553488,29364.65628643377,16576.686118762344,28083.38302743086,24351.37645597368,29553.31179245307,15392.030532828176,25174.179071858194,18935.41589967568,23213.47601203403,22832.274172198737,16671.532443514527,22679.91532966488
Choline,21543.378700866026,0.0,30489.3260989306,18151.12358125544,30242.52053158368,26432.378410830454,32700.705679637427,20059.19609019237,23964.70257289108,16534.305607243958,0.0,9731.31323609386,12827.95387944911,12030.140308666923,19358.42495822716,20660.316019546503,14454.414568112888,16941.228911139795,78538.43937016187,55254.05938854867,33778.47442254487,40066.071304343655,32604.66264995313,58567.3648464428,25836.31397743981,43723.05645576652,58937.131993344825,32528.90872779329,47595.29877688016,46746.23065254503,74986.90442448917,45190.98669255776,19694.93876125716,53922.98627664241,53279.02608086944,43660.21546916272,27639.11470559612,22431.41948525237,24967.444770516213,22210.263828011568,25857.078560839545,29206.11230480884
Dodecanoylcarnitine,16222.739285522925,15007.466476591704,30130.893392652262,24735.479937756143,28919.60505299975,16061.253442287958,24296.20525172866,24471.178334200544,27348.589111896523,27571.1132902757,30699.2335669848,0.0,0.0,24576.290061128817,34108.44343282116,0.0,28301.404196653435,27654.51772257214,41231.55621634049,30396.079810256044,24275.459313860283,29292.299417570583,36184.277829095605,37695.93808467923,35225.98478847849,34957.941532733195,7947.736778879183,24178.5151414844,18669.53644615073,23542.737958733986,19855.097585643423,32966.96085252954,18947.33392169517,14481.267365624884,29303.70673044992,19460.92694171657,20667.218707411743,28379.77888906888,20650.27543043272,20628.91807018556,27297.90493417073,27952.76825113107
cis-Aconitic acid,19026.0288716256,15601.460745869832,21084.84480698191,9883.171692674214,20609.21058270339,17252.162975403535,16317.595847433484,12056.8869585649,16028.624793937694,21801.527810130658,12485.800552849869,15375.70015320394,0.0,14796.681774180088,11409.217549479112,15645.208188017106,12910.9082248784,19544.665037891613,0.0,14019.96821967803,16650.7066633662,15659.615510625714,15774.254858033735,17743.210098855845,15701.758320566663,16442.74406166955,9402.967281076708,24731.98359248896,24282.281518985368,15844.220237379895,12639.874070774898,14582.410698126983,12064.412614245774,14626.347427038743,14644.280068774871,16116.915193463834,17144.890906578934,16843.161288407784,16018.515102473231,16365.60299493179,17940.011512341003,15781.36672177065
D-Glucose,11404.79080133007,23448.9864723925,17580.881019528784,0.0,27407.87672214596,12240.202566181268,16711.101917350334,18375.87153246711,21361.67865601206,17867.230960818153,14859.166003443248,13543.1982198735,25643.17977054896,21391.18908175313,12870.438709678749,14320.163760925732,15038.838764808572,15984.258183397502,13655.400478562353,0.0,18513.088558928022,13923.80865109026,17524.768258475513,0.0,21468.359886167847,18948.28843618491,17457.01248625032,17480.992970753057,17673.01993376314,14932.960000334984,16623.190446083714,12353.554423105652,20702.35594574012,17477.707587373592,14760.841187684668,14438.703917061872,18922.6482901708,16554.7584521808,16033.167304863986,12924.531638518429,13877.470982421808,15967.369401369771
Uracil,41151.37990125926,55818.9825782646,58796.52010676167,0.0,0.0,0.0,0.0,44236.00900779239,0.0,55186.17731386743,71735.18463785232,60090.65943036295,0.0,0.0,49700.9965929828,64227.85157116204,0.0,0.0,54430.29437252429,0.0,0.0,73136.34390852963,66714.2300467801,47552.82905038636,51663.28282440642,0.0,0.0,0.0,35718.64398335827,0.0,0.0,44355.83150790506,0.0,47716.83075823773,48059.86376164184,68130.08276406203,35485.265281845546,63829.14150818813,62890.68985661643,54128.2874302921,45441.77156651775,52870.45628118816
Isocitric acid,3109.948882403501,0.0,3004.7862219993967,2188.9519432703096,4967.954479956188,3441.072486765979,2165.8652674457376,2526.389491812687,2391.4478264449526,3167.886515075297,2609.5518708805257,3235.030605773008,3045.55342602616,0.0,2040.234101051044,2545.5643880408074,2368.0042956054417,4340.742077590928,2641.9282843073383,2380.2962289530587,3831.752914415517,3678.2651122818206,3972.022888112545,0.0,3904.1874693633367,3636.8897497093735,2351.302906370369,4461.733645035743,3007.228209240784,3225.6891872600354,3001.689793824364,2805.370659795666,0.0,2643.898141969128,0.0,3692.7079782349047,2986.370140011248,3424.0492906758323,2663.638583415788,3116.838067022308,3869.8765149993087,3529.140928540159
Tetradecanoylcarnitine,3178.941530905226,3562.8554396669406,3616.46465852447,4235.879559709515,3906.370132162212,2674.8804597708377,4537.038729409557,3815.622250959411,2976.814728783909,5589.433739688817,4991.727678169355,4445.6663428653055,4170.984611044363,3824.823728368469,4691.114607789075,2792.5235331194585,3247.782119309672,4568.185053051133,6865.215197918245,4308.992129950351,3676.9292939480665,4412.929544782057,4879.911956677448,0.0,5655.826503707916,6838.548263101153,2145.7962168850186,4109.974355740953,0.0,3287.329393624337,2703.735919381662,0.0,3693.71558821518,2469.361367157238,3656.5242081706974,3762.734053289225,4133.369028584338,4308.54070981478,4261.92339622329,3627.7938795922055,4622.478446610049,3690.3953957991534
Cer(d18:1/16:0),63333.49472193122,54475.57573317138,53802.893403408045,80912.53774197905,59560.16103379228,66295.64307947874,62610.09026386078,85907.49682974408,98155.4019799448,28056.56179231453,31899.509316914453,21593.271459274947,26387.169655408044,39719.49325138312,26470.99432651532,26889.36616283705,36772.25061152228,23515.684358384224,122538.96217283764,192126.6561036816,185018.0099826035,173918.13748164708,168350.84164169905,188460.3756157479,212595.79520129287,134155.04387157795,342888.31878820754,199630.74567196576,159348.67016751418,0.0,129933.3729797456,182506.7675042224,179091.18410993123,0.0,163372.48795924443,85094.11223688889,76924.07993859341,69908.32905682063,66938.23564767509,56920.21512996604,61439.51671221908,82712.71912659581
17alpha-Hydroxypregnenolone,127966.38841118386,106074.35284661908,82359.86863260755,0.0,155361.16525924625,156136.05587738997,131058.94748199017,90126.72689416754,138701.0816975624,107943.88356934172,40138.02764981578,90219.96171634697,103069.72046268718,39208.92360824909,0.0,0.0,100203.61514990796,103858.25589980336,49051.81756750888,56594.39309416976,0.0,74474.82614794052,48274.89844161015,63621.99431799039,135374.98537328286,0.0,0.0,36748.17098492806,0.0,49445.21692448061,51089.999874205205,0.0,80270.43505515494,0.0,49058.58836517158,0.0,69051.37200925092,66497.50632703895,77142.64353711533,79921.13864908938,71282.66607949714,68301.46988824951
L-Arginine,0.0,24202.22214556304,36605.59919023424,40252.74751549256,0.0,0.0,0.0,0.0,31983.157632600505,39599.71438964053,48112.75878704661,35686.434580005225,67418.63518526671,0.0,33113.34865505216,0.0,69437.42939719305,63136.579473655656,0.0,32103.87673888612,35204.719036852584,35114.107028105434,40999.636611499605,53173.48721523576,0.0,43978.52419566089,36660.90051451759,50815.136097941984,29500.193937808734,37187.90067685886,46426.13726705944,20521.704395226425,0.0,50157.86235697936,65311.13583494178,47844.69811839311,33751.12100317538,36911.76203488987,41147.650221849646,33710.34048092072,32272.35821953201,38105.25825567313
L-Acetylcarnitine,0.0,90978.75596261308,155080.2683351103,159711.79152011152,129079.6541488373,105689.96714388074,135315.36214178288,83718.29985686604,113104.65677414244,188732.652269624,189110.6272363779,163151.88615775688,189532.53666702905,128441.61093086388,172806.55731605145,115922.17051789172,0.0,186496.7219129369,276587.2262667708,182921.13793823376,150945.9689405842,135687.22084700878,170340.5452748653,0.0,219876.23416546188,220961.25785257583,63980.93627672645,126681.41586380902,104005.38829847958,153046.32946300856,89846.22734960444,222495.8284732469,113303.81352310254,102160.09279883998,128254.21569576618,121098.4792571739,141444.4967140806,152979.04741834375,115559.28824814844,185496.2223188619,141744.26512490737,156699.2800006463
Glucose 6-phosphate,100303.90444968258,157962.37197276606,230332.12934716404,109148.66679887605,193068.5080360736,117306.0250567993,135700.46566099534,137649.76055432635,236978.3960487468,170693.42969540643,111383.99519389898,0.0,223506.50707225013,262351.8923310989,157658.64817019028,102219.5272782483,100538.55572415992,207682.9937586165,133885.65431292856,121100.97239217506,168135.246323861,151195.94952794802,0.0,126328.13305619218,179211.14244538324,177102.84170762173,109616.28268721384,165267.6701349746,148607.90715736544,131694.09822306052,133637.08698825407,128483.99868523589,196719.05691963845,156028.57693544496,130249.64993817302,119641.5503861691,160949.9945090815,106814.84195269048,148116.16625939307,166877.34148885496,156042.0962655003,128156.23865833633
Uric acid,20333.4435360784,22500.15114138105,29409.71654792712,23457.8520357864,31181.42416028137,22687.53501678225,30132.340518551864,30346.28458389973,25794.09485488226,33381.367791829,0.0,21931.11820781501,26362.12306612331,26824.66160491817,31604.67516573916,40532.02997929949,38203.11545523339,25768.761245018464,18778.243095221667,31002.77184395318,0.0,23378.2506480746,39206.3791265828,22671.337736232872,25644.541652767617,22197.6907101512,26400.278180946247,33354.6333520425,23435.07740516961,0.0,32427.45947159422,17590.863924332294,41986.560434993575,21314.515330308648,39540.02248094518,17128.913156282382,29226.12616551992,27370.276176538628,26026.83752122524,26383.53049402312,34345.25313494957,33006.9544454479
Glycocholic acid,36417.74473066679,24904.86717923954,0.0,35862.8161172304,36569.71865581877,26794.49164679873,0.0,45659.23343840286,45524.59705080154,11943.089593560084,0.0,8733.807281527996,10421.1119783796,25098.81311322963,14607.909621689185,9391.487298932534,15376.53724605638,12119.223213511194,106022.2090952201,113169.93178224498,68653.58320707767,118646.1466077734,118918.90578651922,111287.42635326018,86304.65672461833,103990.38383787048,79181.810685155,12303.400787577162,11739.79908281915,9005.736638081258,15823.720661514692,12032.170540474865,10070.215391874135,22272.42403589312,14129.022287424976,15940.54267905606,44605.33497588719,47522.73567236273,35774.222021320056,50282.19446340882,30586.503220689592,51076.2973377773
Progesterone,17354.144609862924,23522.20697920093,18593.31471501978,17462.41411536452,29307.199204084016,32932.55022049258,28990.58437039796,30936.349216085626,38151.761576788216,26259.608402564656,16521.888538820996,26557.57639118621,20381.511145723067,20560.3442955584,29261.07199460292,13666.05991201333,22725.89403268724,18330.2999195848,17395.919590498674,23485.497622800383,0.0,0.0,15645.599779729502,18102.200759007075,37265.460224676666,34351.84816095912,19129.62974635871,17960.414157047184,28986.62385138584,17347.639870175735,16629.951893218044,17626.759433106912,20931.361059159142,0.0,22664.87051125316,35115.23364807048,21562.190475948624,25179.53134562012,22119.73854528112,22264.05046127988,27842.83624837989,33746.12829915428
Taurocholic acid,99111.01364739344,146990.2964827817,178202.5315255004,100895.26481112864,109812.62957269848,59798.88476640876,0.0,101880.34504257428,116171.41778969271,43041.862403182095,51899.47307464016,54672.905636465446,43356.28628025079,92316.07819660987,69170.9752226238,32670.640902665065,61174.4609016831,55008.23604695182,0.0,413219.3414176271,0.0,336885.70927795133,381993.9343924382,339276.2413137034,406299.7085920623,268898.4896123361,225821.4603620185,305772.08656986064,324072.6085252826,194600.3522650032,0.0,273548.14297642326,247528.0384953508,586123.1607762513,418458.4280212502,276420.49735218333,159555.7529699631,105702.88407189076,120702.93147833388,122969.2546724431,118620.6605067646,81261.55655169529
17alpha-Hydroxyprogesterone,57723.9531991389,114018.74018736908,55282.91824169619,81777.83679989653,81504.08713314414,91948.90556657096,51068.94535915295,88353.1472580208,119633.38666861474,72220.9186426129,34194.85972193257,72425.80409142072,61750.26848928312,46039.57082640829,80019.78736154735,0.0,0.0,65583.350648492,50787.15779526676,72877.28482311738,56103.242873447234,64936.1980186287,53168.145695219006,60288.96990162472,105181.73742017812,118376.58678697284,47936.91762871132,57708.01043281151,81859.94111976582,54858.44526252657,63125.51480071715,0.0,74083.95235473634,0.0,64783.75997266648,69300.17943938806,76148.68104659556,74834.14897158467,65370.316984508914,72867.87367464317,76073.13665661943,56116.40131417835
Glucose 1-phosphate,0.0,61283.76431631734,57788.97902857458,24715.15736934263,78361.3996710848,28964.38935031496,0.0,40773.41427239931,56018.54669312201,0.0,36092.81401736069,46554.541006699495,80281.27140780362,70125.20338190152,0.0,0.0,30117.25935431456,57923.50036802002,0.0,52733.8963535053,44517.76362512336,50471.12406636228,48086.2983158212,38521.03498302406,55557.89407231535,63219.29821379593,48987.23852795392,0.0,54551.37070607783,39684.38484031216,45731.86706582049,43135.27738102858,0.0,33791.83288482849,43023.2379275686,37801.73248574237,44580.222771885485,44792.90248986808,38679.664746306575,40578.85958657137,46129.1724339969,32329.079283560503
Uridine,7008.250990821793,8528.083908257022,8723.125466728974,8098.050681641264,9075.882658863726,0.0,0.0,7444.079495106997,8090.794391527818,7968.552010273578,10257.815546502929,8638.23844690244,11073.7868708979,7324.260125981122,10027.8294075277,13542.424575969597,8300.61120479286,0.0,9553.69861487231,8595.963965702485,0.0,11369.4907873945,11127.5744788232,8955.623978218679,9329.594088143334,8384.718971786533,8592.685366972906,12111.722399587585,7007.58667337711,5772.185390191306,14070.14723757365,9932.853189013927,12669.390126903583,10231.723914670609,7405.2618502257055,12993.889696607772,9338.33323062405,11488.987261316828,8940.40060349363,9487.04080375915,9395.264183863275,12081.673293398668
L-Aspartic acid,11280.199067564385,9768.318674243004,12500.591349188107,18994.742107960134,12738.254472805833,0.0,13617.475103705015,10236.340931659635,10317.59072415436,15367.049661232491,17611.24255521129,0.0,25535.51978299149,13674.145647885169,14867.79757576776,12033.404498911925,22986.582892663668,17577.577156559637,11232.245864185636,9020.638166210338,13700.07057856236,11591.5043336013,14120.178391595684,22462.590671534803,20695.299688934392,15714.920732332312,15846.5064074465,17722.92788648194,13921.759967233867,19398.06155321637,17158.12419871094,12939.666683864069,9883.438518497334,0.0,29239.969181454693,15838.920511601478,15532.396644428603,14650.802899319497,13704.488280392814,15968.651537570686,16989.325127246382,15032.649513946551
11-Deoxycorticosterone,31072.87815703209,32975.61480874674,30644.59556967637,30959.954249308263,38761.8109058522,25249.598936846804,36399.2306978886,29264.55960184769,46684.7888102385,101084.226362686,38804.95401432028,68954.55565918071,71273.59173984877,49993.55017868207,58718.35425906372,39008.42909023615,96816.80834124064,51263.69040421268,49615.36852672272,61831.5191259978,68110.45224184656,80581.5930624453,44263.95565821992,74732.8187680519,113392.52277147117,112004.0456207102,49448.04134393045,0.0,68388.5873539102,47588.99667486455,52007.83341498645,0.0,58193.36391505188,43541.98844337103,47774.80117342086,87873.6715114562,39906.32486342917,22620.17735734252,25554.776426176137,32459.728283240267,30026.6830423515,43792.42097658119
L-Glutamic acid,25231.373434544577,25804.402657842213,30545.8243979262,35966.02445026469,23214.40335313776,21907.1833587774,22109.999051793813,24079.407019914805,23748.3176122708,27515.29366164999,29247.77120307444,30918.324077940088,48956.8834639559,32801.46031500808,32286.92705112636,29022.673424351266,40097.12959672292,27830.222266287925,34698.04660369536,34979.52270262108,30029.98693357678,20687.416906004542,37661.37031719792,0.0,32565.456367457,0.0,30399.689272968844,37653.65699074436,20381.62940710253,30584.38064194196,40656.4490423,25492.179729603344,28434.401400181992,29486.17895814255,45717.780699618816,38712.36183284733,30040.211974026344,33710.21628118125,20805.54896587019,20850.638775567964,25435.909453509383,28925.706326772302
Fructose 6-phosphate,0.0,24108.03139461507,47651.986878521646,16704.418924645644,35084.24164151395,28722.668645007983,24823.671419113554,21528.29698888284,34106.74181680591,24085.23843440929,22224.44437984149,16515.761497638974,40634.675776496944,30331.256631860284,13587.029114314491,21626.40579838415,17546.827797500257,23474.937479071927,18779.9075113743,26040.60941442112,13090.745816618044,27687.526747221647,0.0,20898.989864550465,23986.04590985676,31126.85723648034,14901.709130838251,20535.608706974144,27101.38025283324,31294.139247237366,17553.810748214826,26647.115243068827,26459.130086409023,29414.20507189989,16196.128978993014,19075.75935782881,21517.142391392725,19681.045211816094,19662.57442933795,23778.12679476776,22108.114103358406,17946.871463049916
Propionylcarnitine,90104.21480544412,91158.03887586176,98621.053842651,0.0,135002.89586605824,79800.38855852853,111714.20874200536,90790.31550289836,102157.17632084592,137041.19519651015,141583.70552792258,124506.6680571064,103804.70608213356,112904.34270818417,132674.34698059468,90420.43164981555,118250.31807017804,211758.01921178,184032.9903742624,130367.26757689104,123382.9445523455,106627.2075158974,162731.32897172135,126102.14568658805,220688.6204426776,235897.05793940776,49678.195261886765,0.0,120166.33961990153,174856.5677194622,77214.45445655096,121029.71165879656,107743.0681049959,62677.90952790644,135347.92454234845,121652.68528009036,92711.7583250304,98212.9237203206,164741.0800476663,108637.36964016946,114998.7053660549,108731.25637741837
Inosine,3711.722220316557,8736.46105702018,6734.038545693852,5281.571678641427,9109.6166169287,0.0,9347.157287319102,6558.893013409232,6874.7378203941,0.0,8382.287822683495,6086.36725473331,0.0,7572.048026319416,9306.272602351992,0.0,10078.74159198861,0.0,5728.111678042597,8419.278093196639,8248.62549817288,0.0,8935.27163360422,9008.439180229134,6033.368307377564,4743.367014063345,0.0,9046.79210607933,7448.662778059843,7813.286512068529,13271.947056645677,0.0,0.0,0.0,9934.811983245434,4008.634473202852,9150.977216964451,7439.693644120305,5185.459112375354,5615.783191121366,5935.395527206086,8684.911975366103
Oxalosuccinic acid,7226.112366873049,6400.734086927761,8172.613683329518,4579.207358651568,0.0,7216.181130513415,5185.357410660758,5642.662583508834,0.0,8203.054919353091,6913.068650690776,7733.575116282497,8034.03859173073,7621.786001245341,6547.596154249445,6347.011544335704,7909.607621768559,7759.38034331996,4095.030225707725,5266.615427256219,7299.601783833348,6899.940325737585,0.0,7486.231001445476,6200.361455126957,7279.729818327363,5438.2394791053375,6747.605264215909,9338.633964133003,8705.422434238353,5249.372117304628,8475.895375432843,0.0,7920.644408821174,7183.009627021252,6758.901393097323,8325.886877590956,6869.850439223816,8189.000377988981,8640.37220840784,7208.477474463658,9115.936470854402
Adenosine,54825.0076100483,139252.53908145634,129125.06060005972,90492.49602547148,147255.34132170293,118471.8581851973,155631.54112337343,106604.22054257082,111816.35578099612,162526.3539381404,93492.82267346466,82992.97252246615,92758.0881933246,164102.93651027264,105354.83714379152,146016.78582543135,120455.15665656196,77429.71448256771,66550.79275055701,137756.81048596016,152853.445565263,113122.30581822003,133231.2339413243,95690.06430979032,111352.26449192702,91523.54179054251,163239.7705801663,130242.39950035322,98677.85601860344,124954.95507568023,165137.97129473512,79157.65178089665,112457.62134021388,74646.83056967755,165931.72172411057,65757.68335043483,131342.54742591828,109994.81764965811,124034.28710981629,100937.1906958062,114997.73405631626,92949.64156100155
Cer(d18:1/18:0),14533.45524466498,14422.67943899918,11817.563415142518,0.0,17500.887383013855,11912.06858628847,17801.85173043739,21059.346331927725,21577.50378781708,19219.835613441544,20792.26819715604,12941.30810388352,18283.69533206652,19845.25745371592,18084.489063074205,17241.046137648118,17650.833605074,0.0,12788.898757188446,15422.108593851455,15747.370960293092,15233.044562065965,0.0,13973.651921540872,0.0,12014.121202081624,30420.827555709024,25510.05705104692,20809.85202576515,17479.363610807784,16410.309172198315,16821.816448635567,21822.234393875795,16377.639216658146,22081.01445761637,10394.367956231114,16128.50936458289,17174.56463345767,20524.55195027592,14382.964004519605,20666.412314948928,21682.342227302743
Guanosine,1932.7629339236464,4055.897036537781,3905.173733592721,3196.147984974112,4379.580968110856,0.0,2827.102673280663,3096.899119046506,3012.121878819615,4305.515026459834,3656.4541531267,2779.856080515072,3670.8420217428015,3672.057407428224,2775.394682095803,4110.959256624784,4775.91715434677,2020.371335583921,2449.674990414758,2995.266356692798,2397.3114787179616,3169.982383940724,3366.8818225877008,2517.5599126011048,2941.3175932686668,2841.5121003894365,3725.139929299089,3452.0089079998606,3025.8221767886307,2999.8179722228,4007.542336534349,2226.497938234048,0.0,2595.829936404805,3599.2336773149145,2535.52460690967,3207.509049360387,3467.699599886428,2299.246359096287,3451.569757451809,3245.464080874795,2725.127353077685
"Fructose 1,6-bisphosphate",0.0,0.0,0.0,0.0,0.0,0.0,0.0,0.0,0.0,264399.7751498879,0.0,0.0,0.0,0.0,0.0,168990.86479702263,0.0,269033.3945815341,0.0,0.0,0.0,0.0,0.0,0.0,0.0,0.0,0.0,159639.87138399493,109334.1505597347,0.0,0.0,0.0,0.0,0.0,120331.54209099256,0.0,78382.47079700783,80975.06133446113,91398.78594732322,112507.6473852082,101806.45857029856,75919.18403511152
Malonylcarnitine,40439.57930243433,24941.406835891663,52769.043705665885,58643.8608491953,0.0,24280.16556522407,45818.99770590468,35237.18353380175,30131.90233014092,36828.1220580319,34986.83298607124,46818.14965135072,55405.97127030919,46994.91940171812,53621.497560441385,28819.777834574867,43345.17072920095,51770.60098685588,58504.28722914208,54864.7242333435,46965.73839831386,52709.58161741171,38992.76028186201,0.0,0.0,87787.2078977425,0.0,30190.08061550958,32657.15585705309,36283.957141756415,27296.9158755251,48294.97090088848,32491.602868347843,23838.89610118494,43615.03405441588,34186.84047051173,44215.054782895175,39218.08382171206,42426.819520982215,37188.78715134002,41462.43942351201,40775.235715965566
Cer(d18:1/20:0),87831.41303516454,65016.98931995932,69182.75784432424,112972.53064115794,71808.04633008291,59372.008536436944,64210.8721717598,118051.26362475228,91366.11002760431,57266.14631857835,51017.077908778345,52898.94442797145,47247.46899625238,57350.207606051765,46964.96016648134,0.0,52445.77659743188,40607.30489145596,39054.1404394738,37104.07068946954,41634.092122766575,29939.17668046464,37207.973129194754,44006.26023028078,33027.759703165495,0.0,60120.29702340957,0.0,38026.6488910672,32855.03975663545,24546.005099684706,38198.27673923184,36118.66643351787,32512.95903165588,0.0,19665.87695985303,71542.51018905902,77631.63506695721,68736.20572294272,67079.81763312363,62693.23011735393,70041.72976291868
PC(16:0/18:1),24823.508167929147,30296.34021207936,28917.03328333973,0.0,27363.70502029673,22529.82632206796,38424.02304801083,14380.414121505288,23167.05243874496,33344.37324625507,25781.59943419653,31465.24405258037,21843.03796575848,32323.64783210899,38851.55720125448,0.0,25305.37551921299,21620.885072908048,39251.81516722679,46102.97279632923,17472.337502332313,0.0,0.0,38435.32744047087,22067.08190896974,0.0,42229.16397858827,18581.49301512001,40459.80472450039,24791.1463720016,45649.43611863215,36728.94306605408,25270.73286622811,31240.09250741099,34123.16297979974,27272.59876434644,24485.31855013426,46617.519827802,24286.799438114936,22739.46373799644,25158.505144293973,27729.887857363847
3-Ketosphinganine,39677.74449552086,0.0,42936.34576043916,52463.7082676158,39986.097146412365,40876.57168289615,43657.81449464097,0.0,54674.24324114007,41609.47669063095,0.0,33770.20737778098,35919.04884967367,38854.07181736128,0.0,44896.98834382159,61004.637198907054,35424.06228051276,0.0,41351.50776021764,0.0,42681.59271984171,32384.048701454416,40356.79564373635,0.0,29781.78845533369,100883.11494108864,64602.12937347333,45472.030726409415,45897.31788254493,32212.634304014293,41492.13475206973,0.0,0.0,47441.158175200304,0.0,40091.182571937024,42238.60923351221,49025.73655026837,47662.650520160445,46369.1280957265,41908.10131363699
Xanthosine,4858.510942005744,13355.030648120664,9700.80162629197,8535.211313267098,9905.635495762312,8407.926218236005,11770.517905859777,10262.588897411546,9065.360756836602,17008.302658683926,9751.169483528236,10069.158005472142,7543.654172438629,9961.210315970377,10784.230044814854,15898.988012339085,13444.961709903848,10003.391283515628,5696.219981751326,8704.8093650444,7303.12132420175,8593.97620090977,13307.518555587598,6920.233423348815,7471.508133212911,7186.821654040439,10223.859630995434,9559.722360785903,6754.884976483513,8245.687061369024,10067.286577277491,6170.51047362343,11036.116207868185,7832.877424423708,11093.77447719802,6649.342334341212,10517.059981351926,9685.83458032462,10299.368617949876,10681.581271038172,9475.8145087861,8222.157584003557
L-Glutamine,23764.07307510257,0.0,39232.07152661376,36175.85467037971,39486.84986008144,28886.20645453476,31680.619723321663,28562.010688090904,27976.359455700425,32164.36069535015,36638.08758898351,30653.221909969343,41728.40630334568,29510.04498093224,29299.09137547652,34888.33853000154,44675.31052454517,37993.54500705549,32240.23120405278,32762.6279277078,0.0,24307.80301760513,39591.3078430993,37667.94817072248,42886.18244598661,33892.428756139074,0.0,37064.34354870817,25698.30101385806,34183.06020782938,29785.1583738028,20070.01675885036,25672.416933037395,40617.35010046661,57865.78708516599,0.0,27231.950679597507,29293.261786706567,35956.794694924174,32663.0647813955,27733.32708485197,44401.41795510912
Sphinganine,16905.542618187246,13168.016951504056,0.0,28320.78967908321,11771.063001179546,9142.90185174967,13002.83350703114,14987.2175950672,18856.87508813936,13841.836994442938,16009.678294493417,12002.738474556112,15337.522974831923,14169.296632178526,13933.496030306314,12732.110166110426,15408.140156029962,0.0,15389.053168186972,11010.160364714338,15652.315001827594,11563.755490544356,9780.96214584411,12511.619840170864,10284.33528795265,10972.669408340393,22717.24024114296,21178.855064909785,13084.957139004664,14391.95404642903,10930.02015244514,11539.9609255125,16008.33560331452,16401.77538037978,16663.13340255522,8725.730508592002,15975.599385994856,13473.531629188796,13236.16258355194,11746.104850704549,12694.624226167034,15599.74003706394
Glycochenodeoxycholic acid,8169.922920598336,8890.48689507008,12536.379517406283,0.0,0.0,0.0,9999.353464717497,12048.178991392386,11810.692764523414,0.0,0.0,9630.349512824305,7258.846982228176,0.0,0.0,0.0,11791.155385684122,9491.54333455084,0.0,0.0,9137.46457609165,10795.629982868875,0.0,0.0,11135.49440379785,9990.042551610386,13157.302656679096,0.0,8462.61430556414,8551.86542685192,0.0,10897.543558337204,10102.48884586416,15498.153909507952,14673.15623318926,15084.410820858358,10209.653332106329,13669.516196774914,12796.058224643772,13693.689916676303,9463.050064686604,13067.373528485829
Taurochenodeoxycholic acid,5142.446422634349,0.0,7771.056220424887,4991.8834140969175,5466.84744039353,2908.367464246298,5133.389641661405,5919.809374356891,6543.098920274116,3502.5617138590574,6144.881936150681,4082.063318996116,4008.218780585905,10224.960307945708,4897.03573494266,3564.817271473056,6998.332584538072,5446.843685019126,4602.201615381683,5567.523072459423,4682.913350984284,6797.024323634922,6197.102714142222,7011.942583825727,6358.303516672975,3984.64864445461,5870.376454767252,4590.812247139072,4316.350398660289,3309.2360306302803,0.0,5346.671680150885,4749.205299080958,0.0,8958.998474252632,6075.155725887796,5266.0837133907335,5611.932560703223,4895.219959502157,5276.784629548662,5882.54808600163,4635.667934274042
Uridine 5'-monophosphate,0.0,17424.006454104387,17451.818975404585,0.0,12621.948979307432,0.0,13589.68021332946,10889.99839654581,10675.286619323031,18665.87634568885,14361.146082065738,19069.50797753944,22535.35580940353,13618.438739415013,0.0,18390.173865136723,13764.994812765004,12987.623153524271,13756.117797158438,22024.57019679719,11274.946446045413,0.0,16524.807785671273,16236.744887006193,12671.782450405444,10596.43560522166,13195.006692598434,13584.557498390166,13493.42947255913,8826.725604693718,19000.53647424981,11178.972036524166,13393.363928072393,15063.671697495462,9948.931769748862,25007.4787029298,16203.835932748929,16025.868774544271,15415.524316935873,16185.27572026681,12848.885863677528,11911.291444216362
7alpha-Hydroxycholesterol,3974.210759113728,0.0,5566.254586860137,0.0,0.0,0.0,0.0,0.0,0.0,0.0,0.0,0.0,2841.0304593842657,5737.386314058215,0.0,0.0,0.0,0.0,4868.738751456056,0.0,0.0,0.0,0.0,0.0,0.0,0.0,0.0,0.0,0.0,0.0,0.0,0.0,0.0,6106.73010674103,0.0,6384.05248723712,5034.711202108574,3047.63787987812,4614.858743711787,5300.309241684847,4346.4270733190815,4431.999559552083
Oxoglutaric acid,43521.62455989935,50881.41065421271,46125.560913087575,23941.941001843643,54183.87282922788,53490.24318058467,43065.95170023391,45352.27059549462,44048.37667463675,57298.14177994426,39543.14198111953,45025.24658739285,40964.12575766085,44358.80029933475,0.0,35817.41620869432,0.0,51979.73878034885,42854.07311194969,42455.31515317006,43853.42327320871,47980.613459929446,42180.39796642884,36724.57821560818,65224.55135965173,51672.19419069076,28546.87414990896,56368.53595511609,59717.51204065206,38461.4618705706,38187.80463765928,59732.7831010996,31623.27034489704,47184.38223017205,49645.43156716311,0.0,62802.44583656049,50653.38901554294,40319.69969292238,41361.08171742609,43771.32838412181,51880.67843700248
Uridine 5'-diphosphate,0.0,0.0,0.0,4869.872859541032,0.0,4414.898140997118,6548.247237373144,0.0,4075.8073255579648,15731.68378281899,14650.322048503798,11117.029588032034,0.0,10197.823224835482,16704.658123613695,18394.910340772665,0.0,12966.883681033662,11185.0775194625,0.0,12178.134926089037,15155.736700721633,0.0,0.0,12041.663879445718,8702.902921136509,0.0,2442.2859118421,0.0,1544.5017362813646,3657.144715456413,2242.7608112553003,2073.473621686349,2518.1189300053243,1921.2494582643728,2849.318825776155,5451.216872366348,4707.948116619178,7133.526041912356,5340.703687397143,5729.76420897948,6093.966110890446
Succinyl-CoA,22842.66454893947,22399.14659898475,16468.392434312234,13880.751172798502,28715.449349153256,22653.50311048847,16239.828453987624,12613.9237858023,20266.60486719288,46747.29987535109,43664.21934534613,50299.29153706246,50755.45237279945,43865.03128025829,39974.75105196576,43111.607065687305,35490.68100308794,53235.12762274306,34871.17758473035,38506.04665550753,33635.04701781902,50357.18689738485,44658.01246416444,32445.05602144156,53822.169752827765,40903.23886594972,34617.81054801858,68307.58089334084,64850.84190475534,58519.427135375874,27030.227897734647,42100.32227246004,50008.24446549745,75958.89792777738,51955.34472841399,48877.49090304785,18664.72790920492,22699.82234998528,25065.733224394928,21294.067090968136,25125.948733325924,20738.0610668719
"Fructose 2,6-bisphosphate",7120.676222883806,13419.17570084826,12293.594009826918,9113.834609209063,10503.915660194529,7883.713956587905,9392.483552605718,10036.512837891838,13814.274229864042,14087.514190394111,0.0,11029.61773162773,12366.018175750623,16897.38791730651,11772.783978859716,7837.126792936726,11587.704924744005,15629.098210100798,8496.494656649733,12446.62276916369,11076.80689696951,13402.217048001949,13586.152729368809,9739.348310821844,10842.740134855028,13146.600566672683,0.0,14423.706929573473,9103.846422139444,11904.329215923752,7748.069611351862,9287.066421918444,12259.83577210212,10508.778603474444,14234.649266315291,9304.705288969257,9187.249816721162,11966.774278937524,14037.305148321962,10049.815201683448,8300.522959331678,8003.614233857153
Succinic acid,26645.77126957874,35313.95787543955,33457.65059227156,21267.13629855881,35125.63876025598,27329.956736436,20473.183443892744,20292.972467686872,27623.839135450133,23250.150335946862,22480.738236338024,28765.911387401786,30292.40334528313,0.0,27138.20777291376,21368.968220532817,22371.58358837948,38297.01783820051,26018.426397173167,26580.48383830172,18638.533421212447,32705.3454326145,29600.21292849454,27584.07417193494,29828.02149691672,34236.10532187918,27745.8331786383,33800.95416109406,0.0,32241.71619802625,22168.525366888945,30784.49787120532,25154.46028583221,30641.59530531356,21855.010215786024,44623.83663128451,39054.80728824515,34226.549735443616,33489.783822850164,23542.958636500585,26762.688587643468,31481.112576855947
Sphingosine,38719.668486236566,25963.37000206117,30644.26739632231,34600.41768823196,28267.187092987133,25445.877099096346,39538.95332943877,0.0,0.0,0.0,36522.76622632296,26422.690514846712,24881.20066120869,30388.05270691677,37024.29278801541,27356.72136077386,32537.58850899638,0.0,31640.00197003391,26896.40758318527,25421.23064259249,33182.663791366635,31388.441004089746,29916.771827318666,28580.07931679847,15431.758510152096,60996.466247528086,55817.78521961381,42181.59074733477,24206.80945628409,23708.259770545144,29762.9120506674,43734.14897279839,33006.94477733117,47723.35304090041,16788.657264795413,25459.229186746263,34137.9209603087,33283.185463260816,36445.38125909564,41221.27320485437,31804.998863846315
7alpha-Hydroxy-4-cholesten-3-one,41719.00774446084,47186.46785521278,73127.00807379716,44777.9232734062,50062.41313737103,27101.93815981178,40303.899877296135,0.0,0.0,51765.985647245645,42874.70882918932,45994.58680092703,37141.57318561807,0.0,92279.50131201922,36534.82916403734,51839.18306574625,39533.59678049312,63085.52220852097,61917.03227382351,32360.849699891867,61087.633460989615,57218.72083894849,45096.81338983891,48853.60249232772,44263.75863134509,52998.34360416484,55804.75019509726,42414.75196287548,37903.40675133431,43995.54395655271,49728.32095782186,34064.80064546557,94260.60007447652,58635.46266450618,63604.013681248805,39688.37451919276,57477.72581994845,54245.35135972339,42357.27600935625,49277.104894592725,54096.29397013233
Dihydroxyacetone phosphate,12461.860957182516,22423.63141647626,17493.629011101926,16180.223328992435,25332.135232782377,10267.96090295627,14635.971979896092,12994.62674239334,23782.36209905196,20021.09700330108,15451.761918194094,17006.06544797628,35558.618786819425,23672.636278582748,12416.29499914906,11113.934663645898,14020.745503156257,26616.42663889825,0.0,17230.337637424946,13847.001299522322,18610.187359793134,19852.821939149115,0.0,28655.299260391846,0.0,15878.79320770802,19736.95996471044,19633.758924163085,22605.92989150827,20477.243243679502,15456.571956664216,26113.35626134668,18720.2790602696,16445.091379797268,13821.858683528702,22493.2369539568,17049.915100218874,17257.739092378375,18168.52169722076,18329.668192060664,19725.63851311144
Phosphocholine,15317.942563433477,21831.619312482144,25540.374265071325,11260.815312472088,18925.925048695583,22667.32277267663,31125.04207419104,14758.380854131128,18232.41568565993,21690.68645247428,15762.23539465118,11710.43444520064,15988.172787409496,16288.46733805793,14353.792637741612,19999.2001822514,12753.79656035883,18544.209301208382,25660.69560605012,26998.056069379185,15218.147920050402,17952.988196452137,12363.785757547284,28010.771549275603,16289.393686548989,19911.783673026617,15630.729138220197,15739.159189845392,29369.42805837076,20257.0615728372,26322.997682874862,18999.46142427868,14941.865190193774,17312.865769941036,18140.82083005284,17983.35162840556,17494.084272072105,19739.59028482205,22603.693642407747,21542.537107661687,17705.344088027367,29218.07302374451
Adenosine monophosphate,56087.11344100113,97141.22552413613,110167.03744970344,78111.46297022692,87600.22573841347,105072.8651279052,105520.7128511924,0.0,73391.7774154166,136338.14082015483,86994.2282671036,90871.96785233324,97268.41945272486,108124.99385283218,92812.24378371214,0.0,93268.15423242294,51536.74523980495,69973.04248178174,100720.22618515098,0.0,78993.72019153116,145603.9805231103,0.0,91751.52716134176,90590.35741555756,112353.87071932125,94694.14546044484,60371.20796374986,70040.56291063447,88348.20179364034,0.0,114514.05128854308,64193.69918149123,111943.62303641964,87222.21598458629,85206.87652174951,100649.30745302384,111594.93230234676,74432.30768675539,81071.00277881265,95908.80010000574
Fumaric acid,28349.07958365908,16845.885166184235,22571.98362855528,12670.84747267574,0.0,19793.221491635944,18675.03819712406,13602.403356386863,15023.063086628026,8722.08807974265,4761.114475849809,7464.249753704817,6172.899920479934,6911.060159095389,5918.569969913433,8545.52217755559,7018.13547341603,8547.740365160611,6525.132851767064,6244.021034062067,8122.048132245654,5376.404002354716,7188.375090472867,4491.51614781936,7433.124693390457,6819.0583781325695,7126.458580388325,39611.80412085108,36918.21086616974,40854.05631166895,27088.24781513829,35185.839780607734,0.0,44497.038448304345,28424.19297890555,38113.07693469949,20760.21866874504,19396.955072994147,21436.08772901646,18482.030760505408,18388.206897651573,23226.058610776025
27-Hydroxycholesterol,0.0,103718.99760212416,191049.5695033013,130027.18709659787,0.0,0.0,118059.46430376376,0.0,133458.78362959533,0.0,0.0,76877.32373349268,0.0,128955.70793822403,96598.55290819288,59557.46336042409,0.0,80408.68007196247,298801.53906531964,310585.5987473817,257330.3409569195,315746.21717293456,329586.09997060854,417429.6921201514,335257.5137098783,0.0,372919.0799439637,235583.1037945364,0.0,190178.13992770592,245870.79034931824,294887.7356871927,272612.02020646137,623479.661165115,339963.43738363805,480785.3143309542,143459.78516561614,129289.9559219284,145762.34662703966,135980.64356885824,153522.7762642018,141628.87577121457
Sphingosine 1-phosphate,2022.4066817912903,1284.656872944053,1379.9783196795722,2053.478519039285,1526.278772759802,1277.94176268791,1380.7103474097207,2002.688316429991,1764.863411252261,1585.976110222029,2173.9219012992817,1347.2377122816608,1723.0905210807134,1456.0474524748363,1411.6458776021705,0.0,1608.0319906282796,1118.9303957884397,1555.6212710579205,1443.809395106705,1346.1590659650826,1498.012814076797,942.7902862133044,1323.7286466823862,1360.54256580094,1262.753933862787,2738.22931889122,2114.809677962422,1894.034501436337,1192.037359138087,1340.4840013830458,1211.8000079536084,2192.429025717324,1249.4879049293943,1730.0319839028707,1136.047636886336,1126.3247448948057,1446.0518301113116,1548.264981619321,1666.3699166165627,1810.024884049005,1845.2573882024835
L-Malic acid,5058.145937898104,0.0,6102.089302543538,3833.695447989873,8272.726952371564,4205.9878402705335,5508.607244522524,3743.0190642649895,0.0,5080.968474623862,3235.5288971356013,4490.565930174329,4812.944400716058,4601.234170758935,3944.592562923551,3066.666851194457,5649.848110890053,6555.151568218368,4992.310559179211,4059.036860375932,0.0,5100.006117802386,5132.788330653911,4331.119749022073,6363.288381142435,4475.038584031346,0.0,5329.449985216517,7267.119821972088,4793.373137657412,3089.050488770631,4173.893120557324,5030.899480610038,6978.966346737358,5043.165898354759,7341.187805416792,6651.685806118099,4901.410641656922,5909.455843453293,4738.437871405637,5330.85707168741,4875.289273439784
Corticosterone,0.0,55883.83421255481,36998.0021483345,0.0,48727.81939922403,32018.09423989601,33690.3921167064,37291.594365953366,47622.85687978911,19685.7948391478,11249.717497223892,27790.969465173333,16162.330243380691,11031.24463753064,18676.50850529093,10201.738580161726,19544.24750827634,13414.157384925962,17494.62937657736,21697.42081943437,0.0,23890.460385184942,15972.882527294263,0.0,37099.33383432105,38027.124184620734,23707.92907829695,12489.221175226608,23402.41345189867,13242.027296183382,16190.637797300333,12866.241450446312,17981.287648541584,10083.214650064176,0.0,20508.673730020862,41661.81807504161,38607.94886541455,51760.105779019184,37518.45098650887,32194.21480367616,38130.689159401285
Deoxycholic acid,38353.46263104207,32838.02719026215,49115.1155362554,45026.29940769959,36549.73788309047,20026.02155673504,29914.278005368466,33270.8202787315,37149.25926795205,22824.359619544062,34588.184545795586,30727.77487734357,27035.374834617287,52875.5837197028,27718.987362789205,19910.06355324635,38648.78621885103,33014.219317449344,27122.580063039302,43282.62267811106,26303.50883107301,54869.39101736438,42300.59129317775,57278.8974595493,45119.79253594325,29977.51250737152,40710.803015899175,29186.27824437001,28430.90119259038,18336.756221947264,24201.512191963026,34045.08201430403,26078.8629360964,51508.558856021016,43374.90820334405,45589.85238147879,32395.60460036729,29311.9721966924,37236.54369977501,37139.10429053349,36572.74768526251,31580.416924978043
Oxaloacetic acid,40383.94684509811,47976.90001795576,44935.33656394424,28484.94377075136,61547.02848349844,43287.79403272241,29813.111069674887,30829.0733317679,48374.71304680559,37398.42756217104,24953.76901991409,33074.25852785938,44059.581583389176,33865.82029082969,29930.48138124276,29479.63819342545,24146.83608963382,39856.440732598494,28587.42706267556,28605.905312550032,37773.703199798925,41785.63403389789,50231.10938745737,31364.62268370893,48808.13551565624,0.0,20279.359572540536,57402.1319152232,54902.63848836121,42966.05922166961,26406.533002134474,35877.17311306177,0.0,45298.93237117696,43380.60849418264,50300.54940861368,33413.39800118426,44963.84803820697,43456.950537104254,29716.698800206643,44608.52245317053,50719.70349381971
Palmitoylcarnitine,0.0,5725.202823016783,5826.005265672351,8306.754176874409,8102.181983728776,5919.472252968091,7733.88908579848,5554.280055511126,0.0,3837.986453086682,6364.370322736791,4524.867484045941,3510.470083908349,4354.189140446295,3706.137680753965,2442.906354215233,3900.416252451142,5320.822500660693,4602.555571174117,6094.871251029001,0.0,5361.958411587162,4326.757881647095,6477.550785004277,8556.260902291233,9152.971346835026,2309.648887981231,11250.974544303062,12969.242609581488,0.0,0.0,13821.94144351437,9310.991660126663,9025.438633931271,11785.488533197818,10771.115444888648,8745.421104055153,7038.854225777627,6238.040975536187,7214.764463489766,5827.584318531175,8947.550242502963
ADP,0.0,0.0,9978.821005418027,0.0,13044.658922696222,9575.036914126622,0.0,0.0,0.0,0.0,0.0,5418.528579635087,0.0,0.0,4837.723881363565,0.0,0.0,0.0,0.0,14785.764896488008,0.0,0.0,22665.06968707481,0.0,0.0,12490.905940923674,19097.78140781248,15333.826173303503,0.0,0.0,0.0,0.0,16094.240093433653,0.0,0.0,0.0,7271.119376517121,10080.47431273548,8766.92630795274,7993.234080996514,10894.609298674037,9914.11204853218
Acetyl-CoA,20388.11712093537,24489.04023381212,23971.02567484617,10903.821076640585,33443.47916095878,23200.25417655324,16223.554929182585,17430.83312634201,15133.016462029404,26346.736226832665,15533.048515956803,19916.82748223048,18547.19410056083,15907.193264916215,12888.93474427412,0.0,14866.051959015816,24505.095839495745,19060.23063460413,15612.473849141004,25496.91496105609,21606.84244709224,0.0,17730.523272121645,21878.75736263296,21069.60567915849,10734.05676627226,22615.289899702217,23270.581431276965,21147.0134207384,14895.606571596927,20032.75380954538,15040.274854146526,25838.199002206464,17274.569810157016,27525.410289766423,21390.8372835406,25761.099446501667,19108.64187018276,17885.416349908923,20398.51907482833,18257.64683915404
CDP-choline,0.0,7884.895624396967,0.0,6704.604354572939,0.0,0.0,0.0,0.0,0.0,0.0,0.0,0.0,0.0,0.0,0.0,0.0,0.0,24469.37501323545,0.0,9002.992768070542,4270.556774381188,0.0,0.0,0.0,0.0,6759.28978326676,0.0,0.0,0.0,0.0,0.0,30544.86837968996,20014.061187314448,26746.13993229364,0.0,0.0,10977.33358586586,9795.721252477804,10486.65663076397,11327.627951275295,11620.452434368031,9897.211594893255
18-Hydroxycorticosterone,47429.3517232341,66128.27811448649,0.0,0.0,0.0,0.0,61729.75409113009,0.0,0.0,142314.78550337156,0.0,110643.16938624407,75473.19637586805,55368.37748214079,0.0,0.0,145903.97642041088,0.0,79912.87119567681,0.0,0.0,0.0,71599.84994890659,0.0,156456.57421036222,132394.23316213774,59003.11634629525,13260.835148347562,0.0,11821.132019902416,15085.11803540152,16718.074390344744,0.0,11135.504281873327,16352.969550570202,21065.634795403486,42421.82569927056,53481.90381205227,49005.91668786948,59226.505726181065,56110.20086397712,55559.03793373579
Uridine triphosphate,32722.13863062113,48740.93322545844,0.0,38177.65121220081,39168.95359800912,39902.43637544927,41219.37542731527,49122.09979125753,0.0,52217.55058405937,0.0,29410.49951791717,59437.772828878966,35252.99909671748,43418.12788919767,58779.53279349542,0.0,53237.808858258366,42580.10614748176,53195.21952604898,33530.98874254008,55840.71764515612,48382.62353902901,39810.47048481124,40636.47528094681,27917.79043042611,45931.66646080939,0.0,32935.32673300886,33895.802975337334,67649.47473786239,41053.88357896775,51332.292223489625,46239.15193042671,30476.305559681383,65648.88584490477,42453.983434401314,38113.666219807696,53568.8198853116,34149.627313697805,39569.25200112337,42053.723269229005
Glycerophosphocholine,3138.07637708164,3666.794386150688,6160.096089363061,2208.096789587023,4518.740018935188,4728.240050873778,4227.106098460423,2616.858016377298,4634.382031227623,13947.010358228648,6238.769451267771,7214.9341503091,4629.82128924043,7751.679744995243,11723.311545350783,12828.479174536338,8004.225294803937,7266.125364095934,12735.378955831362,13792.79334950239,5518.747985645278,10610.790582414633,6994.465306442375,12418.716825304911,8874.004119773568,7289.6402674728015,7135.363582563391,5853.028012559366,0.0,7648.106061326349,11435.958315359632,0.0,5969.457884944155,9133.285746276082,7367.631381270453,8308.318324756685,2795.972649609743,3424.9792770543136,3310.649956995403,3477.073303425979,4216.813751859648,3723.1398627924455
Sphinganine 1-phosphate,31924.938186268344,0.0,21130.6544421985,0.0,21605.40501370377,18167.87435587993,25774.39380993717,26427.75907335224,29490.43688810689,25485.07843310617,0.0,29744.095476434053,0.0,19570.385466404085,29314.64303277764,28719.41324532921,26856.985431487883,16664.55602921305,21193.649641120835,0.0,21880.20346722641,17906.970429792134,21194.157569727977,30340.207307744626,18354.14387274567,19213.24984705888,55289.789172291465,38350.261110173145,0.0,22801.13924240689,0.0,25106.778426785186,26701.77969596782,0.0,33189.67443009941,14030.668316522855,28198.768335071625,23280.23930855977,32059.06369139186,28321.82355324192,23705.123575048627,23367.663333625933
Glyceraldehyde 3-phosphate,76173.7731318158,122884.26024573018,175048.58116438863,81716.76706401978,154883.01308712838,76558.05454623624,117285.94809535224,79172.81739324503,116534.24577969374,113779.4216344088,87864.77173685405,104692.27138549207,126046.7675126406,151836.48228852343,89096.76739886809,68912.15064805001,70886.06152607113,135986.99670259457,99379.561215102,108956.87264517836,170733.67592241816,119248.32143443602,149604.79293819124,0.0,166368.12137836526,120027.6543766546,100368.7729371929,133781.43930752532,105506.26897513877,107504.85709209324,0.0,116248.76586223402,162326.13427313912,131715.79623379718,86660.52682442297,90234.37340676638,102629.2665517075,118095.6847058822,148059.55316427926,121775.17674742476,134276.78118769595,144480.95189801668
Aldosterone,41092.68683797951,72414.34843839446,49689.3607421777,50401.99257486951,84060.48849793864,59759.46381708061,53237.64745799852,48963.53070940225,84963.67670201196,60202.29479310159,32292.78977872328,53655.83146913943,51576.121292767166,30269.50639608101,50676.92800975413,25458.400207252056,51129.835295522746,42995.33297178501,34017.651942621385,62330.25738549601,38215.26026151382,57068.8131665011,44229.78591022751,45487.27803313908,0.0,63868.7961514229,0.0,30780.766116611547,56685.327185411385,30588.675767691104,47641.770417224856,37361.336620415685,53259.75000045794,40686.9030339557,64781.06036951009,66404.39053325093,69220.32654452592,53615.07942069296,52165.33911266215,45596.29970878124,63558.43018947565,60602.9837393962
Butyrylcarnitine,7122.449965915434,10709.265767782976,7091.377945067592,12505.064378305518,0.0,6885.369057812898,0.0,7224.042119539301,11001.753391407765,10347.762632045447,0.0,11886.20032532665,12460.635246749544,9943.025662496662,8185.405646864025,7463.057459004623,0.0,13025.374590828716,19934.04875404638,15232.219514884026,8214.538418247435,11513.768745823192,11153.557521247902,13854.62287481598,16480.095189146443,18706.024459793483,4260.003016708588,9611.938804854735,6336.077677397176,9829.32433200227,5379.483369932593,11237.273969394786,7980.1329882615055,9371.557020618517,0.0,8180.055337144191,10872.56140132264,7630.895988025446,11786.53894667276,9621.772845081266,8482.869171297183,7858.848893607162
"1,3-Bisphosphoglyceric acid",23331.30745922364,40901.65157477876,36417.83786742354,24220.50727297372,46243.48491180758,25410.577889950648,29895.31402880887,23084.295246936224,38970.32769140922,39631.90028942998,28191.066521109973,30901.491577425724,34579.53475908809,37980.47560701882,29993.438678018523,20081.298004924687,25627.180340925464,51550.37792500519,24987.801724919387,25352.58655985752,34527.46920991574,0.0,33928.56661040008,37208.99263709054,57624.59278240727,34534.35556811543,33394.494179693684,38942.056196420606,32665.570670221125,31201.90208681503,25800.346010513487,23183.134565803564,33797.68672513026,0.0,33975.66163759051,31774.059192818426,28180.44124227569,23506.47588917032,38991.26166476475,23911.51643506709,26120.905493150825,32654.7381823762
PC(16:0/18:2),46083.60162515425,59495.84381687048,65560.77382234357,44109.25489164408,71516.38090901976,64993.21183757119,79261.25588652061,52437.39594141,0.0,70714.04123411431,49215.47029511479,38940.54236413501,48370.530565126704,61034.4773118876,0.0,94470.43141798615,61892.7932296782,48325.24668876948,79210.66447258113,76309.46548661338,0.0,76899.2646955945,54990.76972502498,90459.21031706402,51694.34967190692,65300.04895363905,77616.66309954405,52026.08344238062,73684.96476113258,0.0,77991.02404584439,66000.62767301743,39273.09965286542,73122.55063039287,82377.95333580792,68119.76267410246,55786.04225748868,76825.97491363146,63119.81919149897,69515.67165270165,71759.1903408617,57956.72113666221
Lithocholic acid,187916.0947810207,244683.11911534448,261258.71937483232,256650.89774170605,255568.11393644288,148132.440749735,171878.0266820243,197159.86426426948,203117.10393424725,185652.72866535696,0.0,222507.33084924697,168565.63471829737,359710.61032400234,251641.358056311,183135.58493646825,273059.2713347179,195990.66549224016,226422.96754427504,301478.97960003617,165026.94874626969,227216.4322611136,255992.1162276713,297887.315912754,280774.76551005204,185542.07658264745,240839.21703392128,199704.58074173224,218101.81851721724,179175.34697314532,206554.48290902228,197998.1856559011,132858.7178367276,446959.1542350664,276684.86747651274,215491.0474775465,172333.5174727399,200675.109933655,246862.14376257008,209016.6048811406,217003.68547818065,178998.57933330006
Cer(d18:1/22:0),30158.376780501105,30345.90667636901,23324.649906507293,36848.33725175155,0.0,19811.941377143965,29561.254986066742,29671.94406754408,35942.69367485466,9247.550381526387,12850.899641422497,7713.924576474571,10030.16229645615,10010.757027336656,7268.076471385576,10560.574238149433,9977.6907619037,5921.658527494742,12458.228485958962,14290.323422290949,11590.518043980965,10878.61573141717,10178.591606595432,13679.646074759974,14082.14047435401,11201.580959763834,0.0,29703.600187637705,16871.67060751651,0.0,11793.349802105016,15289.187304625675,20237.088279882795,15555.316919293004,19248.15840041295,12644.045914294087,36941.751258352735,29818.31986270036,29568.90637185955,29452.71435248772,30711.2352552958,22182.437776737886
3-Hydroxybutyrylcarnitine,0.0,0.0,0.0,0.0,257384.01204894268,0.0,256495.84149474,0.0,0.0,0.0,0.0,278270.98918903765,0.0,0.0,0.0,0.0,0.0,0.0,412956.73388932826,256679.2678211146,0.0,0.0,0.0,368485.81371471833,260011.4282056749,438909.1082556071,0.0,220366.6256168244,272815.54454561975,0.0,0.0,0.0,239174.48852023509,0.0,0.0,0.0,224329.49972517285,210036.91027173767,258663.93446946528,175636.3250476682,252659.99895686103,234287.9531849838
Ursodeoxycholic acid,13886.705984534829,0.0,25704.639876487523,15068.33380655201,0.0,9638.213987412517,12171.930203065494,0.0,16015.026495861255,7817.058387025029,11248.709159797369,9353.958563607152,7598.554335187351,0.0,0.0,7399.513483252919,0.0,10042.82686438879,0.0,26640.090555311348,17548.46281038139,31848.082737498346,0.0,0.0,0.0,0.0,0.0,28795.74704279597,24645.2961576422,0.0,25199.037233987245,0.0,0.0,75315.08870800448,48463.55980540322,36441.018792047,12821.022122535522,14877.404249108084,15089.470721789978,16013.052811100832,11409.92540562605,15691.568627354636
11-Deoxycortisol,0.0,15437.321923257094,10428.31053104494,0.0,19706.48439895298,0.0,0.0,0.0,14458.23620965809,10509.214084574942,8128.895192653379,13999.21044085738,0.0,9052.149469670416,9735.888962407043,6679.719777884351,15805.423667076517,0.0,9514.244305842203,12630.918163224693,0.0,13918.280071616751,6770.589073666827,10423.733422081656,16386.968724025417,0.0,10693.348751761996,8552.58936124885,17326.59935526666,9588.868775934629,0.0,9414.903744489491,0.0,0.0,11343.97684717465,11495.14994543066,10462.618949759102,10668.015011420435,13209.043913481471,9316.422838482846,13156.22986031051,13498.905562644044
Cytidine,49538.0508671412,65612.22779957972,76504.58618893716,68883.21493917442,33235.5520052004,36099.64602804478,71089.84615638571,0.0,36312.213727131006,85144.83713368869,40659.04029149102,37370.33226913538,91396.73121940384,45733.91631995226,54693.74045584036,72947.63778820138,51697.119937262825,57164.91591090703,49826.754087507565,62945.88564084946,37965.80120153992,65044.56043465799,56452.66780382269,47511.30336827264,45249.6417795765,46599.22888629032,53592.32804196522,0.0,41275.67366079432,49428.95129110074,72715.57287640282,51797.99514817444,69246.5815130303,51512.92651971777,40259.47306139155,61994.09477027345,63303.24597709283,57413.70502121872,56788.36840949948,71514.20498413473,48710.31206473993,50074.217644666736
Hyodeoxycholic acid,0.0,19502.07882848752,0.0,0.0,14592.036348795367,12243.790337373675,17159.545199597218,0.0,0.0,0.0,7049.642117361687,6286.212764824199,0.0,9364.871804003264,0.0,0.0,6788.813864073442,0.0,0.0,5479.420184676192,0.0,0.0,0.0,0.0,0.0,4164.688268341082,0.0,40495.76465019304,0.0,29268.17538610753,40109.54937342023,39934.26447045355,23247.89005110509,0.0,58178.50551485672,0.0,20327.560238408303,15964.918959409602,18431.629229058384,18234.24687262416,16094.943514285413,16597.02766924716
Cytidine monophosphate,303822.9237395649,356322.86202315945,0.0,0.0,359648.99327199534,379787.88909531815,523606.3421115113,483775.5501665933,0.0,0.0,551982.7720917404,0.0,0.0,0.0,0.0,0.0,0.0,556696.0385223326,0.0,435721.2420654832,0.0,627493.2174049863,591307.6257431181,0.0,0.0,0.0,0.0,0.0,0.0,0.0,764626.6511816322,0.0,0.0,0.0,0.0,0.0,385660.93202157057,494854.7069207533,470939.9326542082,476477.5127462389,414829.3042965807,481443.7383247813
Glycine,0.0,4274.852853562621,7419.98341028477,7503.97671831963,6252.619058622133,7814.515582044224,0.0,0.0,0.0,6678.31390512787,0.0,8570.968399018493,0.0,9098.048784775354,9041.81465312194,0.0,16575.143566855146,8708.04837192464,0.0,6573.966820166711,0.0,0.0,8473.84714463502,10060.090934007603,9212.169115876874,0.0,0.0,0.0,6634.644909427144,12553.499856720451,10795.690170876656,5385.062218843514,6036.551598677383,7330.59134168336,0.0,10880.215617742131,10213.127630423907,8034.056223904799,7955.636024705806,8785.04894993546,12864.985162457511,8233.252247973662
L-Histidine,28853.10579445185,28240.02699235448,41397.663594542624,39650.84641857111,53795.15719391556,32192.02531013216,0.0,33829.36361132515,0.0,28413.3523187208,24845.36938320104,33589.88506641911,50577.315124562425,30365.83394568424,26445.52817302945,28984.706263493776,0.0,27791.88848960081,120603.75483287964,0.0,137044.29174731046,0.0,106133.71286306676,172987.03414378315,142592.84839812174,0.0,0.0,0.0,88034.2020830617,132328.53678975193,114520.62589311053,70117.02174678296,112198.023699742,168114.7838745059,0.0,0.0,32839.23144393584,34877.2158805176,47604.46080690416,48350.58377079118,36883.79673777751,33363.24015097481
L-Isoleucine,3885.772095710936,1862.8950857660127,3753.0033654787408,5163.754286279249,5781.163330181729,3723.647555379429,5167.235434413417,3543.64742553006,2895.284257650784,3682.114765795746,4260.236274007492,5971.07579134223,6431.921745592779,4202.178277834068,0.0,3414.558208618608,6198.423007104285,5053.098716100474,4790.832804498242,4789.291515500173,4232.315147857884,2792.7460950968534,4401.349107281963,8018.35490112196,5101.6015566746055,3403.724441331536,0.0,6084.348155347206,4001.20170159895,4346.889028386983,6210.584662098757,2772.6660936902963,3423.156335176767,5381.148269679617,5753.668182345913,4329.288439567038,4975.047453918311,4182.706266058367,4179.112390971378,4692.040826686893,4385.060456194248,3729.22700105862
Glycodeoxycholic acid,39944.80775078314,48819.8000556634,57854.60190325585,53822.45221763745,41033.84049492007,29222.69131085834,32514.193188172263,61138.18100054564,50844.24894893633,84249.76774500238,86095.34673079521,83504.64541391341,74547.42215107479,110347.39052624584,103083.47770071462,52256.49562046175,103513.04137637964,90849.60724800194,20145.75434008625,18854.7097085188,14331.454620598612,17086.363568734796,18161.86093758741,17680.42690592742,20976.904063076225,14104.525466446808,18268.716294490503,74295.5176335233,85762.49406362476,48007.37230290133,83398.26533654243,85727.2957443578,67441.42624753516,130824.51728179595,138047.30217636668,111936.73440123496,55838.380689663965,51734.78799392107,46060.79089872832,31748.579459151115,40997.78728799489,39675.57183543116
Ethanolamine,215786.6953406916,428718.86325991486,274297.6086649802,192652.41014216363,270982.0735338592,236280.5130980737,295666.68376232754,319761.7755596176,304276.35443010647,317464.20504782343,246292.5684215642,247876.92454313065,0.0,307740.1001965903,343135.0862033616,457134.5338130659,207717.1269433886,282707.101654052,286858.5588562086,409560.20780683873,185226.7156583786,320608.95699709223,219948.9040917462,379960.0957107089,250551.1628856063,227186.9319062412,430658.6347484011,245742.62546226545,362308.7723181536,267940.844039912,499727.8778015113,366109.4583144546,190656.5931746204,0.0,257503.595580612,268655.75333178,290054.428563554,237214.2028045632,318190.5578501106,300878.7217033434,384251.7716178205,246474.3767232712
PC(18:0/18:2),25043.67531568964,30301.071602759417,40544.80795500245,21129.28580535672,36201.36472984172,34751.98237313589,34139.15237327348,32104.008304973624,29916.714806169784,42150.35050979584,29269.3474479764,22734.956014267536,23891.57057828595,34071.19094437322,32880.29164106373,0.0,36364.43185006673,29490.76415239892,42679.82483425527,38545.36780860318,31463.967077157973,0.0,30972.215384975258,62851.79579995932,30744.22514025805,0.0,42618.39914890677,34939.502802126764,41135.60306772932,32418.030282471864,58347.91453809511,0.0,0.0,49763.54915108954,33410.9000035576,30329.82316571127,32481.70659578133,27357.89076598414,35317.26395738631,30971.0508277084,34214.594088046135,28501.975725846627
Isovalerylcarnitine,210414.79357184103,154864.80154821972,189970.8831916822,280430.5286417919,0.0,184152.11453383564,210967.12733731352,128866.4148294432,217971.76678325224,202102.4825385668,272840.6480624194,270014.8165712804,243660.84522412776,0.0,316807.6958861935,0.0,175167.34928778073,425936.5869062792,260935.1342571162,262385.85489580326,214439.06003508143,297165.4823692429,230502.10665203945,256272.72484098008,329510.6320226298,363323.776443475,110145.7488237011,155714.1501159301,172827.6582484742,212294.79716065075,127831.27048364092,232360.5499427566,286862.6624188845,152588.38049799995,0.0,152445.73062518545,158677.72179381322,208295.68215189507,180920.896777366,266093.37669218227,237655.1222638225,176620.39741991463
Cortisol,12881.810094060347,0.0,10153.801636395649,0.0,0.0,0.0,0.0,16623.089749013056,0.0,0.0,19998.822957679284,0.0,0.0,0.0,0.0,14467.146437395098,0.0,0.0,0.0,6565.460412530114,0.0,0.0,4292.051347178908,0.0,0.0,0.0,0.0,21378.286983506176,0.0,0.0,0.0,0.0,27182.954429512047,0.0,26558.769871626893,0.0,13978.45252850794,14068.824666136708,11926.653782378517,11412.208087119703,15319.935157990678,14338.441914328669
Cortisone,94393.10588354306,115606.80677999444,102714.63260328588,0.0,125438.2138712336,121693.54159571676,131863.0088604601,117055.99758232602,0.0,48555.72247951359,0.0,40593.41164623932,33303.74994219758,24078.6505018712,28925.82682225016,19269.556653980395,46752.19511334233,32728.43804812477,31818.443099396267,73411.99466076258,30608.11262306201,74223.73203104307,46872.17341977028,40452.469937104834,102792.20224814228,75159.85195109795,44837.95518551969,25892.722157720764,32180.55232293956,20130.15705204516,26393.768977087624,23506.19568110892,27262.34959732448,16820.96323395341,26253.1886202177,39641.8086445424,90082.13047284058,101764.09336780482,122544.50782201762,107900.01701597989,106559.90100858684,96899.81672385016
Cer(d18:1/24:0),9303.148036284165,7111.148878316823,8878.011513378158,11400.934604105774,9072.446509029658,6400.708282121793,9311.694501688396,9350.88591719348,11173.966824295494,9394.733431537954,9769.298070418585,8527.075687967223,9506.003926105968,6187.7140231879575,9109.23118606942,0.0,11217.99368834987,6228.64037477668,7999.067692929076,7954.019852396495,0.0,6492.963870231954,9252.990901783318,9817.628689785071,7129.760159577077,7004.342221196991,15304.456495624509,12941.93859414698,0.0,7950.814114488147,7602.081605316093,8955.627525851904,9859.98270770436,6546.736899317122,10508.6715531768,0.0,9368.157576114809,8733.119381044282,7629.74559626851,8012.802951329094,5280.565732420679,7419.34349583099
Adenosine triphosphate,0.0,15582.935305139652,21622.99900270016,13450.157306133504,16923.85773035038,15696.05901281668,15379.88420746345,0.0,12343.285894163704,7670.025610668368,4741.541814845104,5427.528801215803,6634.523698523328,8201.185101036182,5334.064452362122,8003.108033780837,7266.864680096743,4508.0614498291925,5851.055174133876,7775.435870409802,10220.331161753944,0.0,11160.06056047854,7550.534183013887,7546.842063464746,7175.228556688072,0.0,5302.272802976264,3909.011641893971,5565.909698115845,7688.557397195702,4509.733535439137,7628.698153309062,4969.084320842332,0.0,3823.471695731299,13602.382285394808,17173.480942407146,15029.19208530697,14824.784043010137,13432.327282321983,19494.70720500902
Inosinic acid,18275.498736509257,36377.58557567086,33241.907510661506,25630.3411862929,28891.05207087249,37180.711322149255,31400.262451611325,34003.20073569644,26178.497000439187,54588.57202010554,23741.563554133016,42706.06986659941,34023.72398180078,42002.26632877286,0.0,40978.28069128547,37066.64068569749,30748.10504946654,30724.50300841582,46376.70263825384,36279.17976697802,38075.42663720263,34610.82520353746,35606.592847364125,36666.04469295358,28183.18111070718,43379.42480523045,45168.13628207912,22957.21469286602,33533.273586890115,45779.80140868074,22888.3312912594,35269.41182355619,25023.90927266192,43511.155409480656,26011.808938663977,25130.56585653506,36480.62856157483,32352.0625182853,34435.725506167895,25457.00754703771,48410.057179339456
Cytidine triphosphate,8174.574385183655,11197.09093295849,9621.446637355515,11012.779823601826,10363.77202067889,0.0,9360.143911688658,0.0,7739.035044082653,10257.930444117168,12201.44123029886,10413.422070463575,15534.66946023266,9052.599629640625,8967.692936043193,13567.707508279453,8934.140697707053,10392.203892595267,10943.017314151504,9653.381539809834,9623.4485408559,13490.044946269469,12501.190488694909,8338.280789565215,12961.728309631046,5596.952165619919,8732.819502238983,11600.788068691802,10522.670846781644,5802.073845577699,10841.215485952278,11370.472756782534,13546.38617072077,11548.99684601903,9428.119987339009,14477.655229851203,12756.481672073774,10487.932414345674,11780.71401788222,10148.952916219709,7946.267096798078,11438.387875945864
Glutarylcarnitine,10240.085926222251,10335.668150144567,11934.740884249077,12957.88837725686,14151.467236868826,10085.534608851149,0.0,12254.98950252964,16304.540603149637,11871.855605836625,17675.306662752846,17649.042242710966,16309.984217733532,15307.94792350742,13763.577762562449,11950.129209280272,13700.920643649706,24603.27896765915,20832.466707259013,16905.375292155037,17474.702607821295,15859.787488045928,16988.7300865281,19006.925248351872,19154.635160853693,20262.375250966503,6781.100471851616,0.0,12193.907378093409,11319.313560806511,14205.028856541076,15900.95711451669,11690.081714286884,6742.773007829297,14501.013396844772,8109.3910191218365,15144.931441613486,14959.546114079158,18511.09989238565,17352.016310487295,14958.56127379756,13283.670208587087
Coenzyme A,34854.90587339968,0.0,0.0,0.0,0.0,31046.315352598227,0.0,26091.63197632386,26743.03879710672,0.0,0.0,0.0,0.0,0.0,6665.42406336308,0.0,0.0,10971.05537453286,10039.961881314064,9181.223501527107,9343.231987179804,0.0,0.0,8299.88477633419,0.0,0.0,6793.64718336462,0.0,0.0,0.0,0.0,0.0,0.0,0.0,0.0,0.0,32057.974843512475,30852.086736920104,27725.95080157971,27850.00627572445,33395.85104520124,24450.705268198075
3-Phosphoglyceric acid,193275.5707379421,464367.0106132159,302909.96660905314,209363.8801981254,439334.3660702799,171321.27372826255,341725.5371084146,255985.09417419863,421635.39824101486,298471.09888444154,213726.1259874884,314069.99098913185,413120.33392421424,548880.7331227806,0.0,222054.1868902399,270079.8142864695,429316.6937375535,323692.8391223635,315224.700483931,346320.5757597129,289267.98059171165,230101.74799322413,279242.7983274381,505488.6680223553,0.0,253295.1247084356,321572.5894134641,272925.90018883126,428192.7459424009,259326.91155354492,223314.4206259163,346728.83021448704,240932.51494149448,298963.5233111537,248454.1346505001,303958.1729683249,429508.2830596859,262501.6310844447,292148.1090482472,393724.4261953434,385089.4538159296
L-Leucine,9721.215036956766,6080.921127041443,11294.32757965732,12430.894230320786,10503.58601687398,0.0,12283.757434209034,14617.034012707709,10017.07663141526,10949.96645424448,15130.345380261766,12789.442274549814,17353.525748080137,13999.276011400896,13066.61678518422,12158.777070939796,18150.92113532988,0.0,12667.827336950111,10929.058769845567,11595.637885881248,10008.705978914031,15615.10864254985,21946.892105580355,19711.055168601502,10884.497510590882,13025.939437471246,15547.655041847383,11965.179031330916,15535.040645473558,14654.81608185045,10151.233049908524,11582.827617343191,12273.279245498365,24126.38731905173,14383.561545614522,11400.321087114817,10884.73089819528,12518.511909308336,16268.202459658618,10540.207777948392,17118.4074768379
NAD,20852.96236036752,20187.045913535243,26592.469225243447,11224.199034619767,27459.791775962152,23797.133911900248,10785.83110023504,12137.479735874069,17567.732904629094,16662.95754886785,0.0,18223.53290796071,16783.7239757322,14684.43948916596,16837.455952812412,15783.256602252806,16061.610232769104,24163.4040836818,11639.120990346286,15447.186667119591,18921.81427143683,17601.077477488565,0.0,17924.39713249163,17666.796040655598,16773.075241262122,13944.104672437634,20503.67677361525,26163.38682987617,25203.20433437982,13644.905471450562,15616.68840908366,13480.9810181379,20546.871444817025,18001.995844455054,25617.8944326182,15961.629349944084,21660.24280975976,19566.565415471072,19812.71262786768,16304.455421313534,27019.409159016333
Cer(d18:1/24:1),66526.23863157719,34989.87115078735,45709.079788394905,0.0,0.0,34241.978666275536,48701.71373622234,67559.39407880841,51070.39747815496,10379.576677448458,17697.269765162346,15743.526698377083,12465.159979178905,11186.264492564447,13940.381152716149,16489.583259821076,18005.102668223266,12984.13275350832,89934.8124758215,82138.4604157688,85820.96683017607,71232.94921778326,45783.82934397422,72552.04067930095,72684.6450584175,59270.72182255901,151845.50125125222,47036.42976504448,19287.655213400754,32955.276955359244,17274.967024801193,0.0,33644.916774714424,16838.47962159006,29208.30261819741,15745.141853995745,35745.6062217116,45523.28430462054,40900.66024400172,40182.88336113014,50069.56248528277,51176.40492066224
Stearoylcarnitine,2053.0886837452986,1843.1346332671376,2869.1609305588468,3385.1159694598264,3275.430991815697,2097.4367853249355,2944.966887301204,0.0,2562.6199816339044,4155.942858396484,3874.232245686188,2921.7883039704525,4426.936521439069,2533.5710698911366,3099.353038371578,2268.5395701153416,3172.622773050424,4879.285457066892,4228.587662713582,3583.4052202233825,2278.390529297834,3939.5703579632686,2663.6092034514204,3955.41034912368,5454.611638508339,4122.518268935292,1364.838347830076,3115.940268172032,2540.7582543144795,3666.264372167755,2483.394304153183,4232.790243062941,2222.7246405037563,1589.1049801883685,2824.354178560944,2042.8386731148423,3149.7489353517853,2825.792665029904,2169.10125266136,2865.224513406231,2195.157625506386,2302.1713396443565
Hexanoylcarnitine,136920.4074905932,0.0,164016.91344271437,154721.83772568355,122879.85090487954,116402.01283286297,189089.6669102673,0.0,132311.20588297007,232794.98654239904,226877.350496296,209831.93442824515,207350.05727038768,150928.75222546965,196160.7210431047,116761.61646470168,166506.00305944547,196223.33293588928,231769.5122339702,176902.51723590645,163421.82107780952,0.0,176357.36504027233,0.0,0.0,294560.1206678084,88546.43575761415,184022.34551615105,122154.04943897804,175702.8788011141,112431.3926335072,186158.83857939104,156892.09937591007,92134.63936437102,162860.84850589876,164287.3604322266,138951.674646723,219369.7434067834,177443.02337305827,173715.08453259149,147543.0973509762,182229.3616940285
L-Lysine,47386.675239988224,49483.82446898197,67441.11766864175,98082.2698143542,86809.79577366888,62832.05191792017,68266.74530442015,66694.12913933804,61087.11227973516,68279.47805126054,61449.1733530701,69230.82955938636,140358.50890907363,70080.50084885083,66053.47999331252,72647.95606935555,126092.8420954608,65753.48549734271,85589.36287225269,72319.24782407399,79275.03597828264,51414.6795372908,84412.62193959871,103621.17253470026,149336.52718268544,74599.71457756557,85094.3430063213,0.0,67614.13453218149,77583.93963244167,71298.77449664967,56195.8965963218,49247.524952222266,73155.7050273811,0.0,0.0,78864.82509450291,64723.44386493309,82975.92496897452,65554.2453308323,53524.70127440432,77733.70672874468
NADH,45020.48039341993,40613.74169861881,65881.15185325597,29955.557724636983,66202.37339633908,48347.27161924062,44977.17947833545,34781.76446129696,47913.10204150325,38014.23697492854,34133.10062327034,0.0,42566.199630181945,34892.79406595423,37564.67920016528,35336.683169762844,0.0,46504.80734434198,35312.38719937244,30363.58027690836,40084.046088626,41151.26936017211,44527.43885455607,35398.264520693134,49183.72585701364,43675.53220625298,26254.51434353983,63342.37838359102,55988.51963216687,56112.52166993968,22769.84510285068,49257.960905592,27549.649744974224,52204.44676690815,45558.61984320712,56784.83097775404,47145.145569505046,53646.96597319409,47898.74043016376,42989.65971469647,46625.12501385785,35743.6269280939
2-Phosphoglyceric acid,15281.670823334343,20584.28259782175,17268.287676879256,15187.41235859343,0.0,0.0,15516.443339825031,16268.65749877048,26374.31332816207,16527.828062393703,16307.495128360864,17624.57247128989,27868.259572114755,0.0,15101.972301201253,12478.704833748914,14444.425448884533,20083.72500236948,13253.513026426594,16036.59555331954,23915.60758820048,19282.973264605105,0.0,21364.86798349017,25894.473732597144,23499.17050032467,15424.894666939945,19334.751445380018,17971.251043308028,16303.15494612607,0.0,16170.814473790164,20729.8499566564,15267.61170306363,21076.116196163824,12347.906961352634,16492.86354962562,16983.302109409993,15483.033911761917,19460.68687490442,13649.203415155447,14715.691133539276
Dehydroepiandrosterone,39127.3795357551,0.0,0.0,54055.73405462922,0.0,0.0,43606.45794123959,41407.44952040232,0.0,0.0,23337.83381204558,0.0,0.0,38225.35290814448,40924.38024454942,0.0,0.0,0.0,29792.84159757502,44134.07498803353,0.0,0.0,39863.47210127759,37928.92323417392,83688.39423699661,0.0,37713.455813755005,34668.48806573855,46516.981044341,42657.69469202614,0.0,37069.7761294102,38138.03424682934,0.0,31852.373367662887,0.0,43077.59944816608,44647.74131539116,50521.83910369899,51593.06878323953,52134.792806177946,42076.21576864607
Oleoylcarnitine,11244.208788740012,0.0,0.0,0.0,13165.256780147562,0.0,0.0,0.0,0.0,15005.288705578634,0.0,0.0,19287.145142134465,11302.19316148133,16766.886096239905,0.0,0.0,0.0,18313.02105333363,0.0,12911.902161833536,15116.438392627198,0.0,17964.243506657043,0.0,23362.020778856848,6577.2598022245575,14358.076267839184,13338.733310684396,0.0,9766.837035833703,0.0,13658.967593292116,8141.491414312696,0.0,11916.616765841703,11460.314089905562,15099.972881533708,13182.299751257484,14251.041839035286,12978.000625099738,14472.48232532777
O-Phosphoethanolamine,0.0,2326.0857003766023,2429.4169283586343,1707.7762584143154,1954.74094130778,1867.134875890833,2318.0654342438315,1371.0519122588046,2145.1254441831807,2234.570292036558,1980.069245481012,2111.6564742078463,1426.8543518091003,2495.270085567277,2182.7441632755485,3723.0007691154647,1758.2091026746637,1648.9409502115718,2218.1087752784592,3208.858250302774,1579.8714282863166,3035.376817412884,1404.216030848073,3399.7945401803213,1684.331478791999,1991.818356384837,2499.00078411145,1817.5881851121528,2447.592372578812,0.0,3323.9261122639227,2862.9801750391293,1628.8807877904144,0.0,2122.670548695457,1829.8748479617875,2001.0139278474164,1845.9580092772776,1593.204523513739,1691.9188009922584,1879.8278332375864,2190.5866276358
Guanosine monophosphate,62784.13859999174,155247.1789359469,0.0,126310.48200277751,159754.62454316617,172536.0400319969,157997.65256687542,115529.80676612542,113497.9090656362,65105.49982166908,50134.44250291777,35485.35619229322,47813.9255806869,60373.96955194491,54708.97264626871,66651.5451958164,51242.50562676899,54819.33920694847,57976.86423868362,63302.77592265251,64798.293340154414,52706.3898751225,66946.75189664507,61161.82039849053,52181.75568996299,50222.83897847497,0.0,64186.34558084687,63079.92083864987,107753.54617652117,101205.75885019024,48761.058483886656,70916.22869107721,60557.90419758104,89304.88983013295,60026.77449790479,103171.67928140916,125144.93104303838,128775.36437827937,140760.21467280507,143171.88194125955,133211.03594874425
Thymine,4967.357616422337,7511.315951820289,6200.235026370738,5947.553983406145,6619.452966651635,0.0,8522.853325975302,6269.338285545695,3463.641517715379,7701.063254722399,6915.36199326304,6779.764901612013,9342.028540643916,6611.306797282605,9079.385058823886,8329.78467457676,7925.607342155516,7307.430585168855,6255.497820628755,5216.414416542776,6671.333320186705,6846.37029235858,7851.182176815612,5676.324002295257,6869.6108577786845,4293.757619871497,6772.518380470675,6989.9070038576365,6590.413481476076,3652.8350988875513,12025.197299097792,6514.021703863644,9823.443268097204,5927.3632583341705,5373.894463869289,8992.091523428571,5069.570039034245,6861.6806891672895,6261.818804762576,7156.842612306522,7889.568623143221,7916.678860620054
Octanoylcarnitine,2514.296000445692,0.0,4073.7655511577577,5334.8423165854165,4455.794316646916,2059.9689341266144,3554.792048814686,4343.43302816676,7279.052341075727,6953.177754663803,6474.589413860666,9965.193196979262,5887.195004858995,6587.927264925226,9855.03778385526,4331.531549599235,7244.559277081338,8938.198778327753,10310.822441193875,0.0,10598.382453873575,7088.196696437492,8045.124136007653,10703.764023890368,10375.855647067128,10380.051448777076,0.0,5263.403116117101,4585.835112225436,5992.146736359353,6744.521392309121,6447.496620288304,5714.525111504015,3986.958874426577,7703.97175409184,6100.495532036963,6894.509339303551,5938.627455081732,5459.668294096901,4117.061113686859,5329.801250643581,6019.829871092762
Phosphoenolpyruvic acid,94828.08373742484,187447.92016453645,0.0,131658.66463908134,274366.95721926936,105445.63270474288,104953.64982199828,168479.66049120194,178719.65974027646,178268.8510657353,136784.49740634311,157743.78794387836,222031.2911065656,192187.36040307392,121842.38536098112,91432.6157861802,116906.78268439374,152854.08156490405,122380.71173766971,111231.73502765504,146077.68382088892,159029.77153716242,0.0,137571.40532717883,206585.5588020352,0.0,149486.873663595,149203.83335894422,145919.95390030812,155281.84483492217,95301.1823773998,133171.57336068607,205306.41499117189,143203.21406976294,137420.93750026854,106232.7996668118,176144.56310612254,121568.74174450518,128655.84912371998,129881.15422118916,123791.82545334288,117707.30441668672
Dehydroepiandrosterone sulfate,11280.870751107788,15411.456821349477,12064.098180390403,12071.320779674095,18155.3632378667,13674.95282693455,12584.142470039716,13502.906402069908,16140.816570140189,14883.303246879726,7449.213000673763,13198.44219843664,7535.963098439545,9439.553241631997,10356.674466801003,6086.170246856483,16332.574913688224,11856.937982290268,10076.150743924229,11167.700871686337,10126.842386738444,15084.185408313138,12600.755987997312,13191.688954921348,18259.331716232933,14933.447128959424,9885.843304461589,9028.778585992315,21506.207998313424,7969.572406032317,9346.984266893793,11423.042849208725,10956.930866880706,7847.320032638332,10502.846679601573,0.0,12253.057319845047,11847.305777941989,10429.091817332275,12953.921557869624,16521.172169184603,13581.714003920362
SM(d18:1/16:0),7528.8055009254595,5262.838918486018,5784.071460661085,0.0,6927.866036299223,5889.9562380718135,0.0,10472.89361564396,8383.899654545192,6717.671099388376,7076.2458072607,0.0,8991.634902868474,6978.399284733932,8750.861997476417,0.0,6772.899628798044,8489.98698207917,6517.505153178563,0.0,8394.464454580217,6344.059186726615,6904.635739830357,7026.289564281695,7874.381070861072,6066.58807595678,0.0,13447.601904635192,7180.405689592044,0.0,7555.618447665058,6531.486279851682,8397.698099262747,5911.77179199935,8946.969472115059,0.0,8970.235489651228,6494.84503721431,6101.896657153809,7517.761632232736,7301.94479344845,6616.957273745975
Thymidine,24007.0217489134,33972.06550606365,34984.5742231844,25797.967911555657,27969.62278094281,0.0,0.0,0.0,17103.95731646455,12281.647471348178,10863.217613849702,9608.607832578811,15591.135754923846,10291.189633778724,0.0,15281.754914714506,0.0,13019.856894446872,0.0,0.0,0.0,74289.40507040241,0.0,0.0,40747.16093165554,0.0,47256.598338726886,21747.32163749662,0.0,14218.352037859406,24060.11422684193,17470.94848445893,0.0,25443.38441961933,0.0,24733.00552560076,33678.05167129702,24685.900364615016,22299.62714631416,39643.16612174892,29034.341510530365,27861.483715452283
SM(d18:1/18:0),11095.146104571011,0.0,7652.3689746321,17884.693846604387,15156.67366202452,11779.843312049012,12241.98371194558,18636.70106632496,13196.559548551026,18333.43355037004,0.0,12696.63761257716,10233.9743824565,11459.9815716599,0.0,13125.714728612038,11956.947578110225,8723.292503170247,13199.487313662465,15211.93257321547,14354.955059799193,11293.360986415842,0.0,8000.791618555143,11256.925384852691,10301.90289387159,19697.97631606824,22764.67211522429,14819.618846681213,11780.750216473418,0.0,10813.742217974506,9907.365940855712,7766.107093921771,14934.866728160145,7825.836030229937,17070.987931916443,12610.700746722612,12077.438671340768,8678.295231253645,11671.314189052457,10067.518746425752
Androstenedione,14948.26200446946,25354.783868894378,0.0,0.0,20899.28894557318,18687.08374770737,11657.1812708416,14012.777607177231,21948.6434848342,0.0,11816.804850906612,17702.147182781733,12305.056809988004,10654.416595242395,19338.07497795745,8721.537135516495,19440.493938942,12758.397671604976,12172.943892819636,16357.83046113111,10940.84391961753,16218.01698149541,14746.482727841085,14797.305443494331,24159.90975302529,30516.72187891608,0.0,10561.144356099918,20825.07217629423,12967.191793357484,11611.79974826855,14438.579506449523,16290.513981848217,13197.33440129594,0.0,16324.02263888842,12789.13474350869,17794.843072974203,19362.01667568535,15801.474098748482,11696.091094837844,16279.346729738349
Guanosine diphosphate,1387.635426699632,3082.4692508182243,2400.330761190162,0.0,0.0,0.0,0.0,2604.021206525108,2845.251747487994,1313.359770492738,916.4899804963616,898.7600102951388,1055.109130045047,994.2580046868228,1021.0164073434256,1134.1787548837217,1015.164972979515,736.5866574406949,844.5494440691514,0.0,1299.398460609808,0.0,1732.8740691717678,1123.1866381048535,1196.449754890558,1181.453799065149,0.0,1334.699369830886,0.0,1592.904709885099,1377.2608742727102,775.3795764691848,1618.2187915508905,0.0,1829.844222281033,0.0,1849.527892125774,2359.21502842308,2399.053233787673,2657.765290440785,2023.99529007158,3177.9235893317696
Guanosine triphosphate,29480.9515109346,68588.46411217998,65543.80612076986,63408.47020249334,76983.92826833532,58496.89441548773,87654.06530245965,48372.993225999024,48077.57259396932,68761.63174092857,53228.83781779276,41602.08629549403,60239.70034491291,54339.95060744843,72352.95657195275,91708.35919847888,63673.262134409335,45261.57390330107,0.0,46752.961131344666,51697.61107063156,53569.41252899059,68964.87807391793,81546.3845514473,50672.07513822344,35280.109203395994,0.0,61819.80635651048,65700.83774425514,79557.33787745395,86843.87331197454,39360.13083570508,62367.13395977981,46152.22756954619,0.0,47276.93338446091,55858.28499324957,65203.58666398877,69660.04483037493,71254.15601949453,51855.87500436693,58284.34882716897
L-Methionine,190072.015326108,0.0,200054.95472056617,0.0,0.0,182780.169121302,0.0,138248.00315861832,93238.82990955692,148358.60341272375,116202.82051248424,0.0,0.0,119084.5699622328,118636.530199093,0.0,0.0,0.0,0.0,99770.01217958212,0.0,0.0,0.0,189119.5617946497,138992.6114742866,0.0,0.0,136861.05486409683,0.0,167487.80038070856,131211.95525830935,126137.7585894195,0.0,161917.64026699573,180136.79686625066,147725.790104283,129085.50693829008,131280.52809114163,113759.81939325236,180595.407313754,126652.67562002472,144116.73653065474
FAD,83042.39755592476,61490.88145693181,91011.6746941657,39641.670333998365,122057.15944645216,81807.36095093047,70104.99618850427,48818.01680655647,75199.67293651741,75620.20984665745,66197.62625367448,60276.18380658201,77223.85994978921,85532.7257739713,55896.87021826067,55485.76789125709,0.0,68511.8878342391,49307.70175771068,45835.720390596,73397.6823388867,92955.27689943725,78550.0567534628,0.0,59053.96528012781,0.0,40066.8092450731,66186.01295817296,0.0,79180.76042892538,44316.817247342966,86903.12287120207,49826.1841800216,70792.76670862494,79507.33015206158,80493.88476195905,66161.81848529317,95551.75458609,53508.17559169517,69034.83273847202,99402.47544399546,79057.8549593151
FADH2,0.0,42093.87811149023,0.0,0.0,0.0,44176.2537492804,26972.9007242914,34140.85360984124,40845.808604720245,0.0,24331.778196321044,41254.59770121936,44914.09517935197,58070.84444570084,0.0,0.0,32336.607201019626,0.0,35205.42240252808,36033.159331523326,0.0,42709.77667514802,40538.03384880284,36074.38186580359,56481.09671874104,42525.43114628476,0.0,46946.70638950165,62385.70095872404,0.0,30861.49302829068,33851.74764063373,40580.2987554646,43683.4156029274,45455.18319369134,54610.82098658518,41346.53405692271,45657.25050291016,69952.14675699046,46467.47082416563,63183.01397482182,46801.78468936509
L-Phenylalanine,0.0,14567.196317709935,15266.38390402753,20977.86655590172,16320.506281535538,14842.720265744469,17960.647807766672,16567.34335379245,17207.502150272227,20155.322396743704,22199.58110395912,0.0,34933.86337071762,24414.414878766573,17584.815662933623,17907.64909560649,35264.56826859125,17660.113844745556,19086.530743342875,15007.287359376433,18472.7846672226,15708.838427155591,25597.43120946471,33662.98851617708,22428.485669423662,23523.998824132195,14230.859982907434,28389.72010961908,17590.15782369909,0.0,26900.21695046269,16815.108318876355,14989.730492902952,28002.57866835479,34467.999864072495,20943.139463331343,24858.992357648647,20168.32267314049,20195.900730018864,18505.86904592275,21167.080207041166,21211.285525880903
PE(18:0/20:4),3335.192741517611,0.0,7452.222931689079,5660.389164453379,0.0,4658.596886724918,5511.521249699709,0.0,6349.868507255861,9619.533250646606,0.0,0.0,5162.885789065242,0.0,11023.521082692543,8618.224175533463,6140.344633208123,6899.280091685226,7665.131238241165,8535.0162136499,7024.838186648074,6480.066759773126,6323.081320921417,12314.298284627985,5115.572047977165,7063.398150389411,8643.759414496732,5694.612989076847,9906.519475920404,5179.411267459741,0.0,7541.19064598918,4358.078412509735,5843.242637202652,0.0,0.0,7188.249856672269,4924.523477313913,5854.57954146377,6650.557236279697,7128.59173190297,7264.216951486015
Testosterone,84260.79784134461,119163.375150215,0.0,52772.61920133236,105922.2979876651,98122.34579784164,107404.50393871774,78974.55960493287,139242.06021146075,119917.49849956276,62011.31006764662,56101.42028375698,80229.87813582321,54167.18530908786,84159.01637792263,48889.45817832599,84857.40153009332,60247.75735356273,64352.656750176815,98653.29906960452,79220.52551438012,94731.74606638277,0.0,63583.07821151469,143670.16497874132,103190.04681287336,91375.14507760484,53106.861256616205,0.0,65398.93022196742,58932.30930651346,78865.49985833646,67001.40243632792,58475.31115464485,79336.34012743203,84909.97215019564,94631.47860896512,85802.0534538359,105355.59482265916,80730.37480566067,63375.78332693209,82188.68257548846
CDP-ethanolamine,45973.66413115682,44362.15567648534,62870.75047818178,46763.095790223095,76352.0639463854,61811.01597683575,67072.6878615236,52175.93041169025,56365.00052767676,139695.80684452705,166643.91042647426,107828.99243815472,115683.640659816,212874.63342411057,236051.3658562872,220383.05569278987,188418.36894653708,126337.77975923984,35579.43131981778,43443.03942955804,23075.84522991669,30121.127749743435,19965.903991788688,35076.804841821235,27667.96602464464,28934.482759156737,35629.21570396756,23239.70722302457,28324.437891222544,25718.01414331492,46767.040456551935,0.0,21144.36440524461,28605.05889283312,33316.811612432924,24244.772547361696,58920.41052850995,87390.42809526427,76907.38298763914,51464.85409619589,51423.65811965955,50959.764754735465
Decanoylcarnitine,49936.08198790027,0.0,56065.74882734841,60507.65070431216,47212.14207832715,35623.1481290336,68179.85456889862,54932.40831049583,58254.00288818306,131322.42912299864,209916.1069482319,183682.0752533983,172560.0987896349,162051.4873134995,159517.8010866244,107311.68701781504,127039.12186172056,202752.8055327188,28189.5946466638,0.0,18806.73093029377,23724.794075397687,26033.90613832578,0.0,0.0,38724.0003868758,11565.022426687645,118382.41081583948,100737.25288097892,96563.81951499324,96287.79326517651,112706.18203596894,102684.82528661354,66538.86573867919,79745.14793503868,92052.97664691672,56499.43384884741,56990.72807430832,62699.63097317722,42537.28083236069,58934.853595831104,55957.78037614832
Dihydrotestosterone,52755.25662603276,0.0,0.0,0.0,0.0,0.0,68098.88178704077,65054.19628554567,0.0,0.0,0.0,0.0,54503.85756607547,45689.54236237302,0.0,28434.497868234343,81076.81021317805,58418.13083879804,47629.96160024034,0.0,55098.4763837283,0.0,0.0,0.0,0.0,90997.02175723996,0.0,0.0,87662.92111515373,0.0,57154.352848648254,49665.585942914106,67946.30597745927,0.0,57146.68289189619,0.0,55862.19918322442,58068.58044740273,67913.78401001879,73766.9204871265,59613.20632714176,53072.59092404943
Pyruvic acid,12554.802712475168,0.0,0.0,17012.9663868885,33811.90938533398,10200.366772998936,18176.695961537785,0.0,26938.365945723945,0.0,0.0,37021.52426567499,44111.0860241594,60420.37954599782,23025.667078076687,21414.56719852392,25949.929856270945,33138.15608615208,7643.335029609503,6190.461457769656,6143.616961413586,6614.392088840707,9611.241720138678,0.0,11975.940908003296,0.0,0.0,0.0,0.0,8045.959942800917,0.0,5550.495060265471,8350.609425533088,0.0,5821.731383735102,0.0,17674.590253111342,18920.81121270505,17140.553021470932,16744.671765490846,16752.57195773045,17721.432430216944
Linoleyl carnitine,116920.20587676094,104606.89916307906,0.0,132611.0859007918,107101.08663673114,0.0,146475.26046444086,88502.23601081538,0.0,129317.70157474757,0.0,166994.9525719755,195148.00454962705,139832.36879534548,0.0,81476.28121000557,125501.61080765276,199921.0443410409,199332.01436042573,156172.39866199938,0.0,0.0,191284.0894994776,172044.19756559338,191709.0539837087,215946.46361594487,74225.3717441518,159089.65866870864,0.0,114031.52371986509,89588.8255180744,147021.29856439974,109470.26306566285,70706.83610472521,134543.23791338375,114814.8115138224,119184.8683906862,111074.70571887268,106632.2750064484,147468.07414446227,173568.8869753903,135515.31867730035
L-Proline,0.0,0.0,0.0,0.0,16032.589331959509,0.0,0.0,0.0,0.0,34343.27856944989,0.0,0.0,66878.5872816938,0.0,0.0,0.0,0.0,0.0,6775.025711349614,7643.373204966936,0.0,0.0,0.0,0.0,0.0,0.0,0.0,0.0,37551.28674080327,0.0,52248.717068826736,28886.97576580501,0.0,0.0,0.0,0.0,18300.00149971012,12791.772399349436,14177.54269306178,19266.614095509976,14027.560038394033,14874.99983308691
Xanthylic acid,0.0,27104.086427204544,23430.83800507208,23159.79702250173,27889.42979279963,37093.49949016256,28683.09650844438,20841.48409658353,24274.145213973752,99852.1344713184,53004.37717542321,0.0,62547.93016543286,72037.55485182667,76063.9544855917,106828.45644804378,61254.54283243537,59152.31254029244,9780.671047587712,15011.922329206916,16410.024698623234,14379.00204532653,17296.684993373012,13899.749820939916,0.0,9741.926146272785,12610.99895101636,70297.77386408605,48954.2493854617,63211.26674274645,64680.74152795888,34030.8071885272,66458.05614155471,48381.25691684319,88512.44103259381,47468.85060925819,28227.24021392004,24922.96641544003,32400.17267064129,30369.996868846407,31020.83904069213,29558.87430199296
SM(d18:1/18:1),11882.424669208536,11293.393558134185,13407.72038076319,23962.08440717823,0.0,12032.105607303072,13737.687446403035,15792.065341123096,18870.158410926622,41276.96359966058,44152.53959996424,40539.6963590482,28425.531727539248,29125.867035030693,0.0,0.0,32107.816985370344,37306.186042181165,22449.84313427956,24787.76873870152,26156.83417282904,29062.86871410812,26930.76545853696,34738.69822755646,24367.04448367387,23064.39072440133,62329.6912571539,9125.007344478365,5598.64128589566,0.0,5292.334110423491,4242.824004795319,7455.406113499795,4814.320535734243,7869.844736175513,0.0,19451.82554193258,14662.225064380078,16532.293469446566,18513.03382971964,17712.776208332853,12998.525120183273
SM(d18:1/24:0),6680.945916276931,9990.466782070844,7130.468555128972,16728.962819345044,7985.795510860201,6689.757663580412,8082.279167826235,14676.565605657808,16015.653195221175,11614.636407845805,15520.77196013391,13478.293082783392,10778.528337121164,13666.567864650504,15922.866085894284,13719.591162926512,9476.487051254977,9982.482575590291,9458.799126663136,7744.370529428334,20216.824318464394,9117.734351550607,13640.257287885435,13376.237854511708,12792.43991076245,10351.8920209423,34833.29771857515,17308.58287920274,12960.778436875064,9798.949153364623,14327.417668231028,9423.505725283789,14599.917702400857,9290.619480520812,19073.84025794429,8216.792706439259,11204.778641130417,12521.417292519514,16795.832171455208,12467.560669743085,11136.559702002543,13078.00247412833
PA(16:0/18:1),0.0,13638.053899617256,11634.499974896997,0.0,0.0,0.0,0.0,0.0,0.0,0.0,0.0,0.0,0.0,0.0,0.0,0.0,0.0,0.0,0.0,14112.301572002252,10054.513373159129,0.0,0.0,0.0,0.0,12791.497652613887,0.0,0.0,0.0,0.0,0.0,0.0,12188.586066200938,13369.747992796214,0.0,12598.164670935032,13899.525162446404,12757.213049503727,11490.452097386284,13070.610327597076,11969.360094740978,10352.309719515104
GlcCer(d18:1/16:0),14159.68689770321,0.0,10243.411619152716,16723.1145609875,0.0,9550.826800017949,0.0,0.0,16385.41965013399,35114.30675026755,0.0,0.0,39761.81768358056,32884.52297254171,30673.235981935897,0.0,0.0,0.0,40215.97180248308,0.0,28768.99799420935,35615.60604157592,30232.69209743828,0.0,0.0,26507.146082331896,52178.66749213835,51992.55241242886,24590.249403477486,32088.74516669876,25174.76079031749,0.0,34006.91642345198,0.0,0.0,15566.560948598202,10281.528192530031,19060.80820462168,13277.134060146753,13344.82446097053,11658.501907942196,11537.978321659511
L-Lactic acid,13043.123844743666,0.0,27578.234399621808,15110.637472380002,18879.87072152576,0.0,18179.69194619553,0.0,24385.068945882016,22724.346420338523,30058.507826462534,25335.05005146105,29794.0845477728,42480.95015200404,20002.99912000708,16894.223181565827,29500.38413703824,19755.708078875865,15403.167142660026,29809.218993782582,39421.24874834245,0.0,23263.690233478217,19320.20677176468,41146.78477448549,54704.67509844993,26201.559271495065,51843.0240139397,33045.92817226722,30722.497439894058,39310.359820489866,31951.56530367332,33843.64407135467,27881.109389596342,29382.68923569225,45897.03535557658,31893.23374409326,26235.519731270422,23961.835966171395,24411.749498176127,21397.30975351612,22013.200528522484
Deoxyadenosine,0.0,43429.69091563724,26904.98123153539,34757.481735573005,33369.66604945107,0.0,40630.41533210463,29101.86158562599,38179.44336488743,56169.46905109285,30544.92820155923,32248.649220340256,0.0,0.0,32904.237981855054,53124.82276964284,29645.91208602049,0.0,25213.03578201728,36934.6242007543,33896.00870398455,29484.166804558536,37965.46615644692,0.0,33956.339432622204,0.0,33845.11969780278,55564.554701569,0.0,0.0,42340.89654688165,20851.8497161793,0.0,28137.169478438,38976.351923357965,0.0,23589.19955790509,39102.912669589896,31504.252319798925,33626.14101991732,29924.4831037312,34524.793407571495
Malonyl-CoA,99113.99557029338,0.0,0.0,154151.96383935396,105364.56755833428,95183.72783154032,110756.5161471539,129382.77783481142,0.0,0.0,183579.6692033856,157434.86658722814,0.0,88500.00372014576,0.0,112906.23430583865,0.0,214101.7977573037,0.0,154925.01531001853,125613.11437396078,203649.13237113392,149629.79678593346,146876.04894941507,0.0,163057.24391296838,50161.7659225305,0.0,112195.10827552306,135830.40047551595,75463.75316462027,171302.71897089,124433.58830400166,64321.11217378271,107728.8127368744,0.0,153879.54909230256,112216.90889247482,112520.88505379634,133220.8983841598,109811.36396336104,128512.98154394742
Itaconic acid,121816.78620335796,0.0,150426.12805587146,75687.7278638473,159889.47903431347,124391.19691536484,84450.41757093892,91239.2073642534,103513.4685666928,87240.04199017065,83764.97391575566,116341.05512697558,109827.01225121992,107271.74452725772,90993.04372452771,121060.8501391485,103768.49494627128,139414.51907477985,101390.90495163183,118459.96306916833,82729.01843071682,146212.99022006395,112552.4532882178,89571.7998691265,130475.10714756232,179655.9685418366,92428.40032111097,191631.76069799784,147026.95182025482,145262.32805413345,78442.39971158223,146880.74097181865,130384.0625705283,141704.12394686195,129403.79729196172,140897.93953302552,105835.5024388246,107745.8265938371,150288.9358549527,120111.88894148164,117778.27339125896,146270.30082988483
3-Hydroxybutyric acid,18900.62383881321,20508.576476842787,17561.208879734433,22924.147423920545,21689.32827386494,10930.82353531746,19744.35495453254,18813.61088924507,21250.8472406016,5769.724089388716,6510.614878208256,9392.674439828666,5058.627876180659,5510.000819485956,6229.439448321947,4161.468852877967,4644.057707083567,8475.046432933412,11781.05320565096,9146.226199082346,5667.003559095018,10564.132709632084,8858.04083888702,11553.844827239634,11342.987592842715,12131.988719889492,3552.1572651991287,29009.123127466428,33066.551929099485,38896.25403483551,26644.5772784262,50823.95492450587,41041.18350982555,26569.48461543605,0.0,35424.25571227138,21739.20515797426,19788.32659360284,19936.04334747116,24025.794497333776,16402.783421405667,18725.07505492562
DG(16:0/18:1/0:0),3091.6241797175635,0.0,4916.680164203252,2253.8617642682607,3691.990277157108,3402.2747962602643,4429.4750131681385,2850.094384712391,2824.106187550243,4394.124613954456,3721.2675091803417,2703.3799436737827,2488.7577753784253,3276.718791048674,0.0,5651.170583475126,3457.497130004148,3766.087736853957,5518.132609827676,6157.847922850256,2531.987655399293,4013.018195638087,3424.0018283529,6533.666253373056,3137.487175482809,4177.0400246797335,4790.5389057615,0.0,5787.698285383849,4872.019912202891,6851.195068645975,5122.323243846923,3011.9946942565466,4625.174846896889,4535.649062530704,4603.034106181679,4099.620179311852,4961.409228382814,3888.6435078915056,4625.013257208765,4167.335517299654,3717.411426068916
D-2-Hydroxyglutaric acid,74880.55392415234,96585.21620879738,77185.83101342041,39973.23335957291,0.0,78861.71516664332,55019.73177616845,43251.29999057829,64145.91466551503,75717.41929553865,0.0,67490.2324038821,75438.81879872835,55325.54184426106,49855.060438782384,51013.74282304081,57980.65990719264,66042.82024568167,43678.13610552604,58473.29483884628,69911.21219795667,60238.26639390858,67066.88603347233,65995.98202743554,0.0,68535.32640484947,51815.32015216092,58534.28908507987,88653.82290912843,74129.5779831293,51401.31688811761,58624.84470503882,66963.08782300177,64988.36073038635,80111.53650521312,69790.3738207945,69674.65915299051,69123.86745598272,56277.61227029636,71955.17698013753,58852.96348838215,72675.96522206107
"2,3-Bisphosphoglyceric acid",8310.183067987657,11747.81517233655,15755.492653851072,7411.037519513306,10549.969846726775,6506.514913753808,10070.488706622253,6912.2304182543685,15375.100421165986,20811.98372045954,15278.07227529051,16893.332239913412,23859.79498012614,24731.580268145568,16682.337809111203,10800.370907156352,18675.35261069256,25424.9888691849,5731.221626793313,5561.03829096223,0.0,7262.802831125485,5967.725447906652,6258.156352904813,8171.528353017635,7620.875211038228,5881.754946652014,22749.740608706143,20090.270891507625,0.0,0.0,17382.510465824034,19092.67700861834,0.0,12066.84325553077,0.0,8226.749117387117,11222.90068077202,9175.155063429456,8998.99012548511,6881.020270314527,10841.052871976925
TG(16:0/18:1/18:1),54764.2446841688,0.0,86011.81467649559,53305.348366647166,82302.77991402056,65411.58734494765,72733.32297047468,48826.26987555044,48684.05805597796,195471.19674009603,167959.6059926371,148392.70474240006,130020.37193878109,195572.53977815897,0.0,255654.2799965872,163226.3638404796,154200.78583059105,62303.0619870396,41988.25741011983,32753.49953064986,0.0,43623.50635467245,59006.620788836895,35804.21729616536,0.0,52876.17529506913,21804.017756104746,41899.21011044889,27321.85622405675,39222.6999052728,33578.61290110555,18167.65980276572,27281.93342100941,32993.28955458198,31371.44939269673,65092.21922438232,71764.85742813427,68842.90074641234,83238.27677489133,63216.64837476657,67970.21199145039
Deoxyguanosine,7192.545931349975,16398.540248358637,13883.017374267272,14128.82211378823,13756.624630441467,14174.128015905317,17191.861421152607,11921.19528551589,13249.348467438424,13061.457281661122,5446.318609240246,5785.252442521021,7761.926775916774,6055.4067207672,5596.194775704373,10583.091690193074,7505.505786307371,0.0,15712.23743670731,24828.3954123667,26694.689231020457,22569.03898944086,0.0,22871.93755079796,21845.84478486009,19796.33470404923,25594.06649747687,0.0,0.0,0.0,29765.827292397906,20091.40173509244,33971.99574494176,18013.697251455793,45592.38022480666,15319.911489659273,13397.214854419375,15547.549209795174,13726.027622357144,13870.70090465786,17316.899099373015,14424.258948096138
Palmitoyl-CoA,41119.051229826815,23594.82489019901,42095.95372159117,40647.43490526334,38722.15829868129,28842.505953655844,28653.900405721728,31243.28423829281,31775.02000255799,47746.15459142204,52360.581652688496,62297.02118883722,37510.09489193701,49937.56281037297,38028.34018816929,21661.940637718148,38575.57408282061,53079.45365948016,49146.13414856255,30350.07364767384,37349.8443839629,53081.60200266096,49975.18080088586,45213.86163448508,39664.788556484105,62539.836758007776,14304.47398432773,29955.711538157346,29753.442990241296,41460.129766873884,32286.851245036032,48731.81627601977,29875.90299636533,25233.30744084837,32884.281335205895,28816.07740227936,42905.97283255782,36937.354422517164,32477.95044017511,31891.83820947111,38984.040005308,31448.219578544617
Orotic acid,4527.783275182663,5022.946667975617,5918.875851794889,4840.099229703307,5299.459874981006,3300.6301979602667,6881.810184731887,4468.70763099895,4464.27711610177,2811.613117401973,2226.8918942896835,0.0,2522.1692757680507,2273.312276438457,2961.8965712057675,0.0,1844.4608355249864,2455.7384516563616,3122.1413181935286,3728.1720092727687,1790.0592146253405,3930.928346445541,3129.428942580829,2158.764100480299,2998.462776812188,2443.7449066862405,2759.0492704129742,11151.247790843036,8951.2315174853,6031.047066717021,13115.302490796472,0.0,12341.870616470163,11895.565498562317,8754.578129501257,14078.826016417212,5439.373104409329,5110.023437135643,4657.252777982573,6153.377348902644,4413.975188443944,4350.882481758283
D-Fructose,2462.188082400533,3115.616616326529,3003.7992873733942,2651.332397308884,4152.72570988125,1927.659514022106,2423.539841221432,3111.846021460041,4092.130113841015,1293.6639206195089,1160.1436034744763,1023.2634795731848,1345.102615974541,1346.541960300744,810.4359399015885,595.0922507435282,833.394468469726,1319.0812437992784,895.3329705599598,1014.6729604631936,1173.1502465846372,990.3625086636202,1143.59103885869,804.4263387333207,1462.3067502576391,1218.7514159006937,804.6737884587232,1146.4489947381803,1124.754691558415,923.4422771792482,1063.783880913738,1059.0062290537633,1453.542407133722,1733.752915358908,1156.7638094167392,793.1096962148512,2830.032002384145,2713.882397695449,2381.1201451774,2006.6589449425296,2627.71101312904,2470.144326331578
L-Serine,22715.55359278741,13767.765421315353,26333.926146332484,28559.24953379943,22411.66368312482,21310.54620172472,23696.344047795268,23243.536233547205,27979.426129319647,22646.00241372576,21150.01489131319,25243.157672451896,59962.96102701738,23025.39608157317,21648.509535442216,26165.31574414935,40747.13363535298,39617.82759099994,21868.44389599408,24839.093152642818,36072.35176149016,18560.01190124469,27383.41533810916,34703.903736253706,31388.475681410648,26492.77391005351,23379.248269755262,33563.85969516656,18729.186510905103,32766.742299493977,44136.86471137885,22476.314092058143,21115.168648459105,40124.89134078869,62233.46845828736,25156.5064891368,32261.692865558125,30610.7762490558,21050.90712177665,26426.135914553302,23960.83789152945,26098.29690471873
Glycerol 3-phosphate,4901.62971201676,0.0,7648.893847794164,4395.074446416122,7376.337391783256,5825.061964571838,7594.855522004983,6657.310728644146,9748.508165935344,15950.940263283195,12174.488561695403,0.0,0.0,24150.43358799284,10511.948752880631,10464.76702545497,9760.529182396043,16362.6103483952,14626.40737229034,18940.58611858993,15827.509047658208,13589.116857477462,16351.135714103417,0.0,32955.6847991414,13982.2304811985,9153.126921881338,12119.294492883842,10302.113259513588,11603.949637136648,8877.568154901961,8590.679458098622,12219.506886607103,10233.030074752902,9254.538918686249,8846.527204491844,5636.561443065612,6207.63671407637,7219.195580994845,6156.523696034988,5278.250231412144,5991.704406497197
Deoxyinosine,0.0,6861.261790673058,6803.842848351303,5453.068618230695,8242.739088992159,0.0,8047.606065445908,5350.174441731022,7803.472291261881,10069.13701899512,0.0,0.0,6004.867828796774,0.0,0.0,8234.930306985842,6749.770177331723,0.0,0.0,9606.932803912588,0.0,5776.884173866705,7852.479513414907,5106.157098750154,5335.627338683856,5699.509341872931,7372.90229908181,7431.343712051119,5870.408968869346,7334.253876706661,11712.52033353022,4219.785745113867,0.0,4421.665734833941,7899.792612866523,3923.373882027628,5100.194801277197,5233.332674728319,5714.521640679617,6964.790483695203,5630.306954953067,4634.849571854998
Taurodeoxycholic acid,6253.910530996813,6235.727804504562,8646.049502374368,5859.371602066445,5022.082680508088,3727.6399665901713,6164.416969071262,6063.945175669589,6791.055364198112,6162.919223569472,7186.448391545053,5502.858370108525,0.0,9791.623744142003,8923.56943743579,5988.281243878375,10160.394492793012,6654.201229120536,5283.876162105732,6507.688238127532,7185.6198259541625,11036.292084597208,0.0,7234.118277082464,8625.955561739585,7802.755194598344,11758.16591979278,7759.596153418392,6044.250902433693,5524.1132967115545,8333.789115728658,8228.567645394012,0.0,13124.417637138946,12620.736787321754,13993.199110921169,6569.0523920526,7087.543233547425,7778.958321507509,7895.091539034644,8189.932596042527,7299.054800276776
Acetoacetic acid,0.0,0.0,10913.075734460448,15029.617245998375,15312.494082519725,7814.627104557276,11804.098219195852,9412.80693277678,0.0,13792.092242304025,15461.15822227551,17260.365439904534,0.0,0.0,0.0,8078.683553368945,14804.446252356003,17823.301803025683,21290.51453322096,14419.027585810376,0.0,0.0,14563.915166588067,0.0,22508.97109319036,0.0,0.0,0.0,11199.862296892785,0.0,9344.757162854492,14996.692778538212,0.0,0.0,0.0,10228.025037140196,11055.559695438864,10610.718866080591,13042.519904060704,12191.839857048646,10700.71896968258,11799.673040315703
Palmitic acid,44094.77044022957,42623.04065266927,41439.32022913839,50951.0078036421,47726.12964936663,33666.27071395428,45735.29357272992,0.0,37211.2836272134,0.0,58198.75305065287,80719.27910760847,59350.82677150373,44619.60739257167,59323.12818680664,32853.1854842482,43126.71599864337,60294.25047270116,73762.9863374986,44169.22608625643,61329.94365268559,56642.7952227056,48288.157268970936,71493.37322423712,53044.919660497406,118952.39609606484,26198.00388239285,51591.71669454125,46255.37436575849,60687.71977756173,35823.48724272507,0.0,43884.03392436917,36299.061954142286,27204.66328453515,41227.76281700792,50321.76157958565,53824.72121578629,40147.61524959006,53206.80739654437,47609.60938836906,44520.77263472676
Glycerol,20984.51907030137,34239.87804677056,45209.27466738641,19412.86181587028,57519.115599735385,25999.86905334256,0.0,19286.48188371053,37458.36671617265,28463.93091814877,22800.058651034586,0.0,39971.48706551232,41448.07580049885,18775.819628676258,21285.08224253332,31197.249089079847,0.0,22197.968915653768,37809.55241995898,30489.62877364724,38382.7602841604,33221.07991562633,24783.44594883573,0.0,30367.90959782677,20307.39128356976,35314.10967250037,28649.413976398617,40216.84406085541,21424.04218810608,0.0,49515.40895296734,37025.22805131078,34074.897260830185,22906.707737779565,27183.72546734464,33013.46513905507,35205.10121275563,27196.214583230387,36864.83639098257,31646.537922105188
GlcCer(d18:1/18:0),21502.346482505407,0.0,15007.3896919485,23788.763441369105,21885.369295277946,17170.22769504454,0.0,19526.7259329767,20886.138997120685,57329.496380140816,70937.93040134842,40452.08808229353,0.0,0.0,51755.68899750366,51116.28550133136,54604.70960785027,57713.85735121818,13059.316010663157,13322.705099060637,13130.331382392484,9893.487484854331,12280.54337950817,10064.120788287692,15004.356280906022,11947.378141772782,20314.528652132703,68209.78684853406,42044.817421176616,47716.92596143239,0.0,35421.5878815714,46218.01147502388,31585.208335221057,58856.12878851318,27262.755829595066,25485.81859437932,17858.094322521574,25621.507905803614,21340.831128213285,18180.40143568567,23036.97716966112
Glycolithocholic acid,10770.077358516422,12670.833452903113,16061.902129110264,0.0,0.0,9661.18767145132,10576.756928537692,14678.157394764085,17223.765346352975,8813.133323731527,0.0,0.0,10795.597737126136,18974.06193114912,12771.208046798503,8455.680336542826,0.0,12290.512277547214,0.0,17360.633505609985,6975.110524673271,12195.9671255284,15342.13069045916,18402.619942542708,16626.455037155923,11024.141925679884,14219.92811449196,13504.143751130268,0.0,9195.38311904045,0.0,0.0,0.0,31226.98726349241,0.0,0.0,10556.42765889698,8965.161960249861,9416.953486446157,10868.017006252643,12875.702724911664,13797.26271651115
Estrone,26017.90936591747,42030.07831199948,38106.09474664146,31612.8340291044,48373.51105169027,42627.98150624025,40017.42889366149,36671.12316525868,0.0,19105.273446091604,13452.60203324046,15361.215573439777,18085.603131875287,9364.352574477034,13642.718070709365,6658.900490304784,19477.157096852865,9054.493943822885,57392.97484832604,132422.99440252368,78306.19232559895,0.0,79624.84311590763,94915.13652122948,133806.34140930345,152644.07930364006,88124.34151131484,49191.7412499092,79821.86952366789,60847.61202267768,61347.823832091344,0.0,66751.61769685197,48494.53918183757,57315.52841236319,79767.74355637896,38224.63032234735,38087.782587878864,27843.34671899144,44825.31081716852,44149.0214106842,42688.15812499268
Allantoin,15386.3093367177,36646.68161912453,20207.159406839182,29623.31009515979,33869.12425824455,36518.67173484069,33429.17646937784,32415.803147884708,30136.66159418843,34629.52605544997,25958.13959558104,0.0,25485.879832304232,32918.079145250405,0.0,45996.547015616656,35958.79786169312,17827.013705566802,0.0,33945.83395364575,25691.966067600737,26284.714514542728,44043.61534874224,27947.865170443125,30263.039743284786,29043.984630375813,33012.36235419757,33979.44896063143,25540.07274332596,26702.65397180989,46289.0684465056,16440.747237591797,36545.87595918785,19479.028224722464,42318.770052544256,0.0,30663.60064118345,28041.13014168052,19169.589619387672,26937.27072544474,30894.49038559323,28941.51479538187
Cyclic AMP,44481.87483975058,84390.92418188982,0.0,56960.98679394591,64379.99660657973,72223.81787808044,102218.8581581732,89524.89489606289,85121.38983172564,107874.36542678876,77060.76453189444,62659.075415817446,0.0,72153.91356122952,64445.725762997004,109009.66311239023,101792.87172737112,48934.76044064983,59890.52019574778,68841.5777523629,81741.35089439788,67134.6407015601,84502.90945469403,62625.25375482466,43132.78455320518,0.0,76388.508466187,83551.88591114765,56253.73505652804,0.0,98156.22229657328,49848.36927259533,78095.95081727237,54268.98782366514,83991.49775400505,44059.176726646125,64059.14964580407,47724.24559450459,67726.38717294109,76796.11239287314,71200.12662300201,86000.56284577282
Cyclic GMP,61828.32023387269,102395.90018267128,112836.5521975524,111957.89453865604,134679.2921306411,128606.0996547079,98110.1229923736,127853.56626694826,116674.08108853266,135610.27600075252,117608.80625803227,164706.5794708657,91590.80183067068,109770.52641932032,104627.13378784782,149068.3695201906,116128.3800429719,73414.73658429358,82721.67890633794,130168.99533553667,143769.14784504217,90354.91968860054,140580.5728574768,80019.0593433693,92510.51282055207,78444.41077277326,0.0,102882.42088212437,82502.44684439,94814.70568076766,133604.6163758532,75573.65287509473,136705.60886750664,73166.05046128946,131290.01516525348,74909.56993532165,96372.42683207804,113821.87076266558,86128.31437131348,125268.99266522324,89576.02614338417,90703.82288637848
L-Threonine,0.0,1227.9644035137642,2232.999851869776,2304.845822267685,0.0,1704.0570034446723,0.0,2143.1117237252656,0.0,1616.7621143296071,2158.008774812795,2475.371869093901,4600.841149813301,2170.9338935093647,0.0,0.0,0.0,0.0,2038.9859803365648,1809.025136743693,2368.4126445580528,0.0,0.0,0.0,2416.1276949621883,2507.814798022767,0.0,2442.888994252244,0.0,2883.181183648153,0.0,1608.9681059802674,1798.8878227729567,2723.696073533717,0.0,2638.5281127509666,1888.6510824368809,2308.153097685155,1820.2950899176,1939.4362108364105,2109.0598545824914,1828.0564239201249
Estradiol,6142.911747804891,10923.58756994974,6428.367729414694,0.0,9930.241676400014,9025.258388288872,9366.1807715497,8709.514887277888,10704.29798772056,9970.36135880825,5675.675282140658,6723.730786762504,8357.467449876212,5195.120768567492,6555.765253819456,4153.539625647505,12448.504140681289,6626.456794470602,6673.0644995406765,8100.011991526334,6111.4732564405285,9069.684305556746,5539.848454242995,8766.596461848118,15256.431520957414,14224.970939542563,7996.773487297811,5549.837805451076,8747.270165212216,7249.871044521144,8493.656762449858,6761.30868374673,8577.040508175058,7687.838520038391,9073.191347467664,9328.502987914326,9346.020087246838,6032.6367735324375,8545.863868427254,6312.349702079842,9106.285010514754,7836.161671798983
Oleic acid,30131.33413952571,16779.48809657759,28194.059258962832,16560.170868543253,40990.67808314118,0.0,34867.39524283403,16530.130446653817,14048.341939706195,17371.549113135196,19820.060180646124,17390.13915702528,20178.43178824832,12607.012372813726,16295.803160568294,15192.233405318912,12497.346405588398,19214.2900386812,0.0,14030.507433744126,9243.69171065184,24523.079453004742,17107.461806811356,16763.869544645357,25742.16394587984,18451.35344707897,8836.099742576289,12614.145146140569,14787.899123015915,20585.109133244405,13746.59571828199,25514.73123879632,15780.628718587834,9603.199131646335,14131.74354037224,13047.00713054457,21251.99648249101,17213.32998039406,14875.137722809475,21958.357803328377,19304.67860489165,20825.202461406065
LacCer(d18:1/16:0),60308.50542955999,0.0,0.0,75591.00163542462,73274.77788083529,0.0,51766.54977106675,0.0,75782.75897993802,0.0,0.0,0.0,0.0,56822.50599736309,0.0,0.0,0.0,37984.679099058936,67558.13879605774,0.0,0.0,51781.63846579319,53068.36650484424,57836.07982073285,0.0,41460.85311983604,90988.82108550596,98499.19397534154,60147.23935839925,0.0,51587.709481311605,0.0,59988.35766640774,0.0,83921.53462421053,46471.83191760283,45860.68301577919,53615.35455463922,48333.462725958416,53338.53961844434,60791.80899679593,46816.682668798174
L-Tryptophan,12138.391375025773,0.0,12725.177080346695,17059.94846263272,18042.73909905416,10955.918686984633,10632.13054729174,15744.947887001426,11373.576807014326,12772.07275084349,17738.9085734855,24325.67204573547,22478.56997343669,12822.836464475837,16096.124372415594,16536.379635381334,25610.2738682563,22402.89798570541,15076.670856471032,12955.127358550182,15241.585210810505,9066.893175910986,16773.519908695147,0.0,22676.10015493678,13732.371003115451,10107.623742270023,15233.047853827144,16109.890982647645,18634.32477877541,17798.406913990922,11972.398685115431,14624.736872863328,20068.18969135381,23326.447242588485,0.0,17751.49998671661,18153.53343521789,11527.37371360718,15373.028491061386,16299.88231899668,15344.426683071546
D-Mannose,0.0,3379.432188357683,4058.0423615964687,0.0,0.0,1582.4355301055216,2289.101825448245,0.0,2642.376311440999,2558.390378149644,2125.6805543433507,0.0,0.0,0.0,1613.2893082241926,1572.396870584102,1846.904732509862,0.0,1875.7660756658947,0.0,2452.2905496571825,2707.686374521719,0.0,2469.661473169541,2881.114536752801,3107.7799076863275,0.0,0.0,3075.781227715106,0.0,0.0,2077.1675575684026,0.0,0.0,1596.3957255339642,2035.3245680117009,2147.7447493838395,3192.310775165402,2419.350644026161,2512.0053562509383,2731.46680443664,1593.0854917441654
Estriol,32112.699540700945,64248.078939546205,40447.209591011655,34075.40998600226,56319.33302503811,65311.407432162174,67320.28117701143,41003.21220347075,63568.21926960863,92172.195591264,45481.16527744956,0.0,100980.93570805332,53734.43035124211,0.0,37785.98715520861,88858.89348955748,62156.71483436553,70561.89492822292,101682.63402921494,81420.14944254473,86408.3319645035,78502.3243977172,87700.52229398015,198186.81111514187,152887.28127320102,82385.63277426988,12650.658780444075,25521.49048989125,19736.95529197501,23249.4076275632,33281.26903903354,24523.124961616595,16092.38314123288,20966.663706963667,24035.631716484822,44564.50038838848,35620.12988331406,42776.964701703146,44919.57309791655,44719.3228420551,44910.25752778829
Androsterone,12705.919336946765,21659.82763836921,10361.027561312716,14842.02472938059,13607.77052688722,17953.027923537484,14958.551525920751,12987.996719613977,15045.894598845529,13582.266305912026,8121.133591608412,16388.118355919734,11694.859493540269,10236.507388138418,9716.115108172977,5696.792137249961,16498.49036929315,8599.752310345237,10212.029892429384,15584.3434255464,14813.527846617044,13804.229887534711,9706.686282519277,9216.83054628348,18985.819186026216,15006.659135675702,11384.471405851811,10048.20738003232,16642.589420948967,8031.357476866754,9465.566033394014,12040.626432526034,13818.452627861156,9252.42307099836,11084.65487228787,14000.186421330334,9638.627426407236,12986.61331048958,18037.528767089927,10812.99364376305,11838.595143068582,13943.412995735123
Taurolithocholic acid,0.0,0.0,0.0,5222.043370365543,5651.889790636507,2248.4062019374583,0.0,0.0,0.0,2826.5493537148664,0.0,0.0,0.0,0.0,0.0,0.0,0.0,0.0,5231.6452429209885,0.0,0.0,4687.917107981479,0.0,0.0,5852.706103340031,4434.996355307331,0.0,0.0,0.0,0.0,0.0,3294.818794171905,0.0,7050.165264832574,7096.096265021073,0.0,4555.966146316491,4632.14584170081,4233.410497365628,5372.416484635597,5137.952015227491,5033.243394297365
L-Tyrosine,10497.060347099476,8580.868816581478,12028.981427243414,0.0,14484.640957520658,17335.224367296054,16483.841972864848,12352.615283761312,14441.124978917249,17924.0728504256,0.0,11908.705804819185,22690.10065166649,15365.46391797214,18578.465548786648,0.0,29864.937614542487,16782.570768070156,14711.46502213333,21010.450074396307,15872.232041394062,11562.999729755618,15002.561667377331,26146.88184283969,25744.74469186141,18358.18847267256,16138.364276792185,26153.735223643587,9591.514955052686,0.0,24106.23001372256,9048.159645204858,15155.177067728491,19039.484073195585,0.0,19505.878856075728,10447.26026702151,16452.93618454677,19282.613593766724,19950.343374456712,14786.400047713996,12615.098702312906
Glycoursodeoxycholic acid,0.0,0.0,0.0,0.0,0.0,0.0,0.0,0.0,0.0,7409.808966970313,0.0,10804.290138511253,7057.501310431887,0.0,0.0,5115.957820271818,0.0,7720.1580666217,0.0,0.0,0.0,0.0,0.0,9163.09752496779,0.0,0.0,0.0,0.0,0.0,0.0,0.0,0.0,0.0,0.0,0.0,0.0,13216.132816010231,10591.48539207762,8164.421203491845,9261.133705104045,8230.79322666961,6900.281948113858
L-Valine,9020.874750799445,6118.295900597908,8904.791817422438,10734.562213288078,6572.684918605552,8965.677763422067,9216.098150808297,7042.28614624334,8727.219345473684,4609.780908564661,4720.761545733111,5951.65613291019,11475.636557398946,6540.081871069194,6268.078141815156,4635.101869963872,10151.068259374346,6947.215837417259,3669.3429631934846,3693.741406902318,4740.840937896562,2235.259741820078,4583.470246498214,7397.88955627043,8638.359930814258,5182.020049150998,5271.632971254733,0.0,0.0,22112.509849419595,22716.586206097963,11068.96921538924,13131.80056097966,18348.20289964815,35221.30695650632,13708.475509513124,9046.419816526975,8233.644671911361,8211.346157445012,8204.800598510641,10931.025879896924,8946.877261943608
Mannose 6-phosphate,8990.713975348082,18967.14003494891,15233.955136018862,11962.463888302884,19005.93704897977,9319.599064473468,10322.107952044837,10578.78165578276,16081.720732511283,16906.9824264316,14184.173315076408,15023.61487145331,17771.12593417142,18279.2675477164,10249.249833902675,7181.858591971584,10733.59973402736,12251.438561983896,0.0,14979.052821451853,13758.432085472316,11314.295456049478,11837.986293042157,12172.836942970658,18709.87521753004,17928.45222931269,11608.849543790391,17595.1368871313,0.0,13069.839963667908,15275.827054696456,9909.150186606828,0.0,11811.436521086807,11277.524554750124,11002.243102812194,14503.455040387147,10739.56956839814,11440.946077782884,13478.906109380456,11816.450616949383,8531.30146436478
Arachidonic acid,2707.9898641023674,4982.417001407952,5946.476120190438,3709.247542063102,5078.131366685428,5302.2997236218725,5315.78853940612,4590.970167262852,4175.602743320252,4899.517636703296,3805.448609712719,3271.1941715522776,3543.2633647407133,5167.372801647894,5557.57240379901,6926.678486586922,4054.68103703732,4153.222763845,6201.0036404441325,5423.734318441615,4211.728653827306,5503.931788719622,0.0,0.0,4702.575911533421,6397.595901740423,6273.6048628845865,4962.485626799309,6075.886994814806,4131.90606216231,6926.541512211493,6996.766370099812,4479.312755260551,6389.769106783781,6524.857265750985,4757.018486650072,3798.682429640435,4489.397947004196,4380.68235771888,4661.924578725161,5313.355593812003,5240.9609773933325
Tauroursodeoxycholic acid,208744.83946851536,155688.00632704791,290614.1066999813,189166.9366370638,192798.1789482036,147373.6088654816,217791.1010794073,169799.22962347508,208238.1930248459,122918.304744252,152400.14836771582,191650.5209348976,147384.28584362144,307462.49719445466,220592.42969328663,113231.84264549545,259654.42320008468,175399.86262171902,215404.9843262952,283784.5395829027,145211.01878631493,192023.56185422328,177355.7900833059,287080.3493169302,0.0,185508.7851000474,229565.11484384,147560.37134544767,180966.4749244381,139887.9326084021,157031.68319109842,151775.70923291254,108637.20976235524,266995.09018336347,216662.584124564,210053.52207563308,133683.53153037684,166807.86803141233,178929.31515439926,225021.1463976488,191780.57897315468,156275.39452134888
D-Galactose,1041.335630952324,1412.9742644847113,1904.387028332205,1259.1246705977296,1886.597893999488,846.3006655269296,1693.0272144531564,1567.1690212606409,1722.3360056939475,1296.004174225827,1169.183342194083,1629.665438562785,1900.466709075754,1737.020159542362,1137.482001865228,758.3238062126236,1233.938107038728,1487.5351729343186,1185.6003716672024,1261.140350261143,1320.3498288499886,1639.4079808480162,1798.819356501469,1307.1719075907542,1476.9547621242332,1588.6133960574325,908.1192515405834,1723.5361705546525,1242.584061868551,1495.8442282289116,1356.7427795818396,974.309285396198,1426.9934642755154,1538.1522256703818,1246.4650327397023,1013.9057684837094,1289.5542770837778,1008.4284161517402,1258.9581800702103,1373.5707738000883,1064.6638313060737,1078.918928171435
Galactose 1-phosphate,84307.13923546676,131106.14426975805,132077.40249897508,90918.79160943472,0.0,70111.58134357295,123557.28125867294,0.0,137663.92419246116,104745.1735114908,85460.28102024843,107805.18295307385,148135.0230234958,165190.8146879151,83382.93549044512,80271.8266231608,94403.04210501256,137126.04038067753,87668.09751274927,112060.48169450383,110128.8783522042,133746.98487975443,129919.22114127823,86465.4217677711,157109.56017244482,95502.1994138511,81419.67018794264,132271.30659199454,95146.357667227,0.0,106931.0866333042,70825.90390086012,109987.78602171584,127687.75690527062,86190.44028997375,67202.74940120243,108809.99607678616,109764.26443889186,116864.982167908,134672.58812407593,109776.3104801682,65470.30847516628
Glyceric acid,57652.41910391012,83463.0149978489,104406.20143098311,63616.58863440199,90679.3511896834,41395.87939338541,62831.77346692592,50188.52700968008,0.0,75314.77714054119,52675.03536972907,0.0,0.0,78994.64247992594,58238.6319463212,47128.76313561487,45490.10604714279,62087.05949996264,60288.726770531095,61609.56948571603,57422.00769901663,69699.03451792499,71520.31747995951,49414.06061954303,85313.72538086982,62906.35632090896,64406.37111688745,73843.6784276416,59520.95595259985,48966.013275558085,63293.4852047062,53913.02814822926,66344.88414834395,57870.70049123472,54523.93650065549,63377.23081356492,72308.56645637983,60581.13193401876,94040.085894881,60023.51093739365,60414.7160015333,54134.78843966387
Linoleic acid,37105.61600105357,42119.543489189135,42362.39058609928,24946.92362433181,36524.09997896067,34040.97809306732,47515.571719847,33099.929117406646,39599.51505636087,38415.82754713288,35811.177312806285,33677.524706748605,21507.113826923363,58629.92573798123,41349.10741523746,62083.91804473408,36299.17938910984,38583.51423321863,61765.29524219151,0.0,35690.17356444915,43533.83495871585,34526.97180794249,52324.19454575505,36802.77591130303,45198.70978952974,54929.66013373224,0.0,55270.877013032696,34427.07057738435,67057.16641510697,54901.135099207,34611.24285398472,59929.7051471975,36426.5746236096,0.0,33665.199244171825,46260.22206246942,41228.19473799695,45090.82378453118,32834.47623243578,42756.30583081101
Methylglyoxal,12465.46217144887,21996.66198587379,27040.63725883706,15862.9575795231,30658.20898447196,12965.575561609096,22083.306222357704,18274.56301453092,25882.377207771227,17510.389847171566,20370.91522154503,18004.269839214092,32642.679118148244,29937.353181073777,14711.84332483836,9456.46868775418,20410.995996538604,24884.454155845306,17499.764134227302,20764.39666750572,0.0,23993.090595199817,27875.94578480175,22211.435793988352,43944.11942447518,20018.630115869943,17349.41459900024,25328.55478255773,21302.841741521985,22654.38630584986,16778.573259246466,14275.663126047057,0.0,24030.41113062992,21002.011234292444,12944.902487966769,15646.278498715435,21609.057931720545,14991.96961844025,18418.59010207469,22009.1532532314,17256.19353603444
Docosahexaenoic acid,196896.4744243945,160312.4045239283,208653.2359697804,140942.71625196488,133814.90776369284,139367.19619256436,189696.65248283884,138635.0542044998,0.0,327342.64467150084,240534.9339679626,326192.57120695594,265130.2936682801,359494.9714197825,368702.7664021687,0.0,299924.79498279,379235.40978210536,618594.5716343792,712270.110525375,369405.8950045809,546791.2578777706,321178.3501492275,0.0,486898.333645625,404949.8489635759,503216.7951867808,54606.612391991366,87160.8617595824,48418.25998939609,104819.46062984275,79511.22596926871,39182.4140615732,60876.69857902955,0.0,58109.888324995976,152487.06601098127,169827.99553872662,185989.56586061144,151841.62177706204,154568.9082903633,168331.84311445503
Myristic acid,33365.17976142035,0.0,59424.4067517604,46761.54459951213,43643.335419362,34642.113169321354,60200.19946278829,38557.805517092485,50835.8999790734,53882.77202377463,64263.2074133199,71088.1696709519,49557.65212994557,44004.09079910802,70848.82001961283,32502.63403523029,47917.263166583776,69563.46096686996,94742.39616070694,62158.42546312272,64622.90898140269,64234.90584846321,0.0,78595.8970583454,88577.52327857194,85284.00638650225,23738.852040626305,51682.37951742014,40562.30727896399,42891.02095835791,28898.79671182161,0.0,36530.95533608075,41006.045372771616,51719.84299748766,51680.00465671627,43046.00727752065,56331.12720365335,62015.87170674621,48955.59286597836,53193.22476287434,51738.12526135788
Ganglioside GM3 (d18:1/16:0),37994.9066236024,27724.88587363776,0.0,46360.37552651691,38911.84607905656,24590.67058653996,32530.886531741264,45969.41262259628,46168.4096730985,30590.58474789899,47899.53198283983,0.0,45003.63782002046,30047.19254811248,38173.24518100786,48653.00728327058,38252.80350109382,31901.134970954205,39625.708234705846,41092.89951153164,31397.228519956352,35979.78395902381,0.0,0.0,32106.78723930088,32171.434561168466,72684.90783515845,0.0,41640.106050544906,40472.56250163605,26825.260419977145,32034.36170235096,31808.18932943221,30346.040167943047,60343.210276761616,25030.44662953675,44241.545700253,27994.372713641234,34322.05703349503,35923.57218237297,30574.84280476541,36566.87971048269
